CODE_IRIS,NB_NIV,effectif,poidsNormalise_a_l_IRIS
340220101,1,434,0.5486725663716814
340220101,2,341,0.4310998735777497
340220101,3,15,0.018963337547408345
340220101,5,1,0.0012642225031605564
340220102,1,324,0.38434163701067614
340220102,2,443,0.5255041518386714
340220102,3,75,0.08896797153024912
340220102,4,1,0.0011862396204033216
340220103,1,514,0.7099447513812155
340220103,2,195,0.26933701657458564
340220103,3,13,0.017955801104972375
340220103,4,2,0.0027624309392265192
340270000,1,341,0.5036927621861153
340270000,2,285,0.42097488921713444
340270000,3,49,0.0723781388478582
340270000,4,2,0.0029542097488921715
340570101,1,296,0.6379310344827587
340570101,2,133,0.28663793103448276
340570101,3,24,0.05172413793103448
340570101,4,10,0.021551724137931036
340570101,5,1,0.0021551724137931034
340570102,1,215,0.5470737913486005
340570102,2,131,0.3333333333333333
340570102,3,14,0.035623409669211195
340570102,4,14,0.035623409669211195
340570102,5,15,0.03816793893129771
340570102,6,2,0.005089058524173028
340570102,8,1,0.002544529262086514
340570102,10,1,0.002544529262086514
340570103,1,487,0.4419237749546279
340570103,2,524,0.47549909255898365
340570103,3,68,0.06170598911070781
340570103,4,15,0.013611615245009074
340570103,5,4,0.003629764065335753
340570103,6,1,9.074410163339383e-4
340570103,7,2,0.0018148820326678765
340570103,9,1,9.074410163339383e-4
340570104,1,485,0.5536529680365296
340570104,2,359,0.4098173515981735
340570104,3,25,0.028538812785388126
340570104,4,6,0.00684931506849315
340570104,6,1,0.001141552511415525
340570105,1,639,0.6608066184074457
340570105,2,287,0.296794208893485
340570105,3,30,0.031023784901758014
340570105,4,10,0.010341261633919338
340570105,5,1,0.001034126163391934
340570106,1,131,0.6009174311926605
340570106,2,79,0.3623853211009174
340570106,3,7,0.03211009174311927
340570106,4,1,0.0045871559633027525
340570107,1,587,0.5579847908745247
340570107,2,442,0.42015209125475284
340570107,3,21,0.019961977186311788
340570107,4,2,0.0019011406844106464
340580101,1,718,0.6211072664359861
340580101,2,352,0.3044982698961938
340580101,3,75,0.06487889273356401
340580101,4,9,0.007785467128027681
340580101,5,2,0.0017301038062283738
340580102,1,742,0.7633744855967078
340580102,2,216,0.2222222222222222
340580102,3,13,0.013374485596707819
340580102,5,1,0.00102880658436214
340580103,1,90,0.5454545454545454
340580103,2,59,0.3575757575757576
340580103,3,15,0.09090909090909091
340580103,4,1,0.006060606060606061
340770101,1,252,0.32390745501285345
340770101,2,420,0.5398457583547558
340770101,3,90,0.11568123393316196
340770101,4,12,0.015424164524421594
340770101,5,1,0.0012853470437017994
340770101,6,3,0.0038560411311053984
340770102,1,538,0.5004651162790698
340770102,2,496,0.4613953488372093
340770102,3,39,0.03627906976744186
340770102,4,2,0.0018604651162790699
340870000,1,376,0.3920750782064651
340870000,2,439,0.45776850886339937
340870000,3,98,0.10218978102189781
340870000,4,28,0.029197080291970802
340870000,5,16,0.016684045881126174
340870000,6,2,0.0020855057351407717
340880101,1,539,0.5070555032925682
340880101,2,435,0.40921919096895576
340880101,3,77,0.07243650047036689
340880101,4,10,0.00940733772342427
340880101,5,1,9.407337723424271e-4
340880101,7,1,9.407337723424271e-4
340880102,1,721,0.6167664670658682
340880102,2,403,0.34473909324208724
340880102,3,43,0.036783575705731396
340880102,4,2,0.001710863986313088
340900101,1,258,0.3189122373300371
340900101,2,492,0.6081582200247219
340900101,3,59,0.07292954264524104
340900102,1,442,0.4830601092896175
340900102,2,440,0.4808743169398907
340900102,3,33,0.036065573770491806
340900103,1,385,0.4078389830508475
340900103,2,504,0.5338983050847458
340900103,3,48,0.05084745762711865
340900103,4,5,0.005296610169491525
340900103,5,2,0.00211864406779661
340900104,1,59,0.44696969696969696
340900104,2,69,0.5227272727272727
340900104,3,3,0.022727272727272728
340900104,4,1,0.007575757575757576
340950101,1,708,0.7670639219934995
340950101,2,207,0.22426868905742145
340950101,3,8,0.00866738894907909
340950102,1,465,0.39306846999154693
340950102,2,515,0.4353338968723584
340950102,3,169,0.14285714285714285
340950102,4,34,0.028740490278951817
340950103,1,216,0.4145873320537428
340950103,2,245,0.47024952015355087
340950103,3,58,0.11132437619961612
340950103,4,2,0.003838771593090211
341160101,1,470,0.45366795366795365
341160101,2,486,0.4691119691119691
341160101,3,71,0.06853281853281853
341160101,4,9,0.008687258687258687
341160102,1,450,0.45918367346938777
341160102,2,454,0.463265306122449
341160102,3,61,0.06224489795918367
341160102,4,11,0.011224489795918367
341160102,5,3,0.003061224489795918
341160102,6,1,0.0010204081632653062
341200101,1,535,0.5323383084577115
341200101,2,414,0.41194029850746267
341200101,3,52,0.051741293532338306
341200101,4,4,0.003980099502487562
341200102,1,314,0.38813349814585907
341200102,2,393,0.4857849196538937
341200102,3,82,0.10135970333745364
341200102,4,15,0.018541409147095178
341200102,5,5,0.006180469715698393
341230101,1,769,0.6360628618693135
341230101,2,410,0.3391232423490488
341230101,3,26,0.021505376344086023
341230101,4,2,0.0016542597187758478
341230101,5,2,0.0016542597187758478
341230102,1,577,0.4127324749642346
341230102,2,701,0.5014306151645207
341230102,3,107,0.0765379113018598
341230102,4,10,0.00715307582260372
341230102,5,3,0.002145922746781116
341290101,1,895,0.6215277777777778
341290101,2,502,0.3486111111111111
341290101,3,32,0.022222222222222223
341290101,4,11,0.007638888888888889
341290102,1,481,0.7598736176935229
341290102,2,137,0.21642969984202212
341290102,3,14,0.022116903633491312
341290102,5,1,0.001579778830963665
341290103,1,704,0.686829268292683
341290103,2,281,0.27414634146341466
341290103,3,39,0.03804878048780488
341290103,4,1,9.75609756097561e-4
341290104,1,413,0.7634011090573013
341290104,2,122,0.2255083179297597
341290104,3,4,0.0073937153419593345
341290104,5,2,0.0036968576709796672
341290105,1,126,0.6737967914438503
341290105,2,58,0.31016042780748665
341290105,3,1,0.0053475935828877
341290105,4,2,0.0106951871657754
341290107,1,155,0.5115511551155115
341290107,2,109,0.35973597359735976
341290107,3,37,0.12211221122112212
341290107,4,1,0.0033003300330033004
341290107,5,1,0.0033003300330033004
341290108,1,141,0.49473684210526314
341290108,2,92,0.32280701754385965
341290108,3,31,0.10877192982456141
341290108,4,15,0.05263157894736842
341290108,5,4,0.014035087719298246
341290108,7,1,0.0035087719298245615
341290108,8,1,0.0035087719298245615
341290109,1,368,0.6594982078853047
341290109,2,141,0.25268817204301075
341290109,3,27,0.04838709677419355
341290109,4,15,0.026881720430107527
341290109,5,3,0.005376344086021506
341290109,6,2,0.0035842293906810036
341290109,7,2,0.0035842293906810036
341340000,1,605,0.6154628687690743
341340000,2,337,0.34282807731434384
341340000,3,39,0.03967446592065107
341340000,4,2,0.002034587995930824
341640000,1,240,0.5491990846681922
341640000,2,172,0.39359267734553777
341640000,3,24,0.05491990846681922
341640000,4,1,0.002288329519450801
341690000,1,473,0.3087467362924282
341690000,2,827,0.5398172323759791
341690000,3,209,0.13642297650130547
341690000,4,19,0.012402088772845953
341690000,5,3,0.0019582245430809398
341690000,6,1,6.527415143603133e-4
341720101,1,164,0.332657200811359
341720101,2,239,0.4847870182555781
341720101,3,60,0.12170385395537525
341720101,4,10,0.02028397565922921
341720101,5,15,0.030425963488843813
341720101,6,5,0.010141987829614604
341720102,1,111,0.31896551724137934
341720102,2,90,0.25862068965517243
341720102,3,104,0.2988505747126437
341720102,4,25,0.07183908045977011
341720102,5,10,0.028735632183908046
341720102,6,6,0.017241379310344827
341720102,7,2,0.005747126436781609
341720103,1,98,0.3967611336032389
341720103,2,84,0.340080971659919
341720103,3,26,0.10526315789473684
341720103,4,21,0.08502024291497975
341720103,5,15,0.06072874493927125
341720103,6,1,0.004048582995951417
341720103,8,2,0.008097165991902834
341720105,1,61,0.2026578073089701
341720105,2,149,0.4950166112956811
341720105,3,53,0.1760797342192691
341720105,4,19,0.06312292358803986
341720105,5,14,0.046511627906976744
341720105,6,4,0.013289036544850499
341720105,7,1,0.0033222591362126247
341720106,1,47,0.19831223628691982
341720106,2,69,0.2911392405063291
341720106,3,57,0.24050632911392406
341720106,4,50,0.2109704641350211
341720106,5,9,0.0379746835443038
341720106,6,2,0.008438818565400843
341720106,7,3,0.012658227848101266
341720108,1,29,0.11740890688259109
341720108,2,115,0.46558704453441296
341720108,3,47,0.1902834008097166
341720108,4,35,0.1417004048582996
341720108,5,16,0.06477732793522267
341720108,6,4,0.016194331983805668
341720108,7,1,0.004048582995951417
341720109,1,199,0.402834008097166
341720109,2,154,0.3117408906882591
341720109,3,53,0.10728744939271255
341720109,4,56,0.11336032388663968
341720109,5,31,0.06275303643724696
341720109,6,1,0.0020242914979757085
341720201,1,13,0.22033898305084745
341720201,2,23,0.3898305084745763
341720201,3,11,0.1864406779661017
341720201,4,9,0.15254237288135594
341720201,5,3,0.05084745762711865
341720202,1,212,0.35570469798657717
341720202,2,325,0.5453020134228188
341720202,3,52,0.087248322147651
341720202,4,6,0.010067114093959731
341720202,6,1,0.0016778523489932886
341720203,1,247,0.3411602209944751
341720203,2,385,0.5317679558011049
341720203,3,75,0.10359116022099447
341720203,4,15,0.020718232044198894
341720203,5,2,0.0027624309392265192
341720204,1,148,0.40217391304347827
341720204,2,134,0.3641304347826087
341720204,3,22,0.059782608695652176
341720204,4,26,0.07065217391304347
341720204,5,31,0.08423913043478261
341720204,6,6,0.016304347826086956
341720204,8,1,0.002717391304347826
341720301,1,250,0.4921259842519685
341720301,2,187,0.36811023622047245
341720301,3,53,0.10433070866141732
341720301,4,18,0.03543307086614173
341720401,1,58,0.27358490566037735
341720401,2,71,0.33490566037735847
341720401,3,49,0.23113207547169812
341720401,4,14,0.0660377358490566
341720401,5,9,0.04245283018867924
341720401,6,5,0.02358490566037736
341720401,7,2,0.009433962264150943
341720401,8,2,0.009433962264150943
341720401,10,1,0.0047169811320754715
341720401,11,1,0.0047169811320754715
341720402,1,1,0.07692307692307693
341720402,2,1,0.07692307692307693
341720402,4,3,0.23076923076923078
341720402,5,5,0.38461538461538464
341720402,8,1,0.07692307692307693
341720402,15,2,0.15384615384615385
341720403,1,11,0.3055555555555556
341720403,2,3,0.08333333333333333
341720403,3,7,0.19444444444444445
341720403,4,8,0.2222222222222222
341720403,5,7,0.19444444444444445
341720404,1,2,0.06896551724137931
341720404,2,4,0.13793103448275862
341720404,4,2,0.06896551724137931
341720404,5,1,0.034482758620689655
341720404,6,11,0.3793103448275862
341720404,7,3,0.10344827586206896
341720404,8,1,0.034482758620689655
341720404,9,1,0.034482758620689655
341720404,13,1,0.034482758620689655
341720404,14,1,0.034482758620689655
341720404,16,1,0.034482758620689655
341720404,22,1,0.034482758620689655
341720405,1,5,0.2777777777777778
341720405,4,2,0.1111111111111111
341720405,5,1,0.05555555555555555
341720405,6,2,0.1111111111111111
341720405,8,1,0.05555555555555555
341720405,9,1,0.05555555555555555
341720405,11,3,0.16666666666666666
341720405,12,1,0.05555555555555555
341720405,15,1,0.05555555555555555
341720405,16,1,0.05555555555555555
341720501,1,121,0.39285714285714285
341720501,2,134,0.43506493506493504
341720501,3,31,0.10064935064935066
341720501,4,6,0.01948051948051948
341720501,5,7,0.022727272727272728
341720501,6,2,0.006493506493506494
341720501,10,1,0.003246753246753247
341720501,11,3,0.00974025974025974
341720501,12,1,0.003246753246753247
341720501,13,1,0.003246753246753247
341720501,17,1,0.003246753246753247
341720502,1,155,0.43661971830985913
341720502,2,177,0.49859154929577465
341720502,3,4,0.011267605633802818
341720502,4,7,0.01971830985915493
341720502,5,7,0.01971830985915493
341720502,6,2,0.005633802816901409
341720502,7,1,0.0028169014084507044
341720502,8,1,0.0028169014084507044
341720502,10,1,0.0028169014084507044
341720503,1,149,0.48534201954397393
341720503,2,129,0.4201954397394137
341720503,3,16,0.05211726384364821
341720503,4,6,0.019543973941368076
341720503,5,2,0.006514657980456026
341720503,6,2,0.006514657980456026
341720503,7,2,0.006514657980456026
341720503,16,1,0.003257328990228013
341720602,1,30,0.16042780748663102
341720602,2,68,0.36363636363636365
341720602,3,61,0.32620320855614976
341720602,4,25,0.13368983957219252
341720602,5,2,0.0106951871657754
341720602,6,1,0.0053475935828877
341720603,1,89,0.2535612535612536
341720603,2,163,0.46438746438746437
341720603,3,73,0.20797720797720798
341720603,4,14,0.039886039886039885
341720603,5,7,0.019943019943019943
341720603,6,5,0.014245014245014245
341720701,1,82,0.3744292237442922
341720701,2,102,0.4657534246575342
341720701,3,13,0.0593607305936073
341720701,4,4,0.0182648401826484
341720701,5,7,0.0319634703196347
341720701,6,5,0.0228310502283105
341720701,7,5,0.0228310502283105
341720701,11,1,0.0045662100456621
341720702,1,191,0.5650887573964497
341720702,2,111,0.32840236686390534
341720702,3,16,0.047337278106508875
341720702,4,5,0.014792899408284023
341720702,5,11,0.03254437869822485
341720702,7,3,0.008875739644970414
341720702,11,1,0.0029585798816568047
341720703,1,69,0.350253807106599
341720703,2,69,0.350253807106599
341720703,3,34,0.17258883248730963
341720703,4,15,0.07614213197969544
341720703,5,5,0.025380710659898477
341720703,8,2,0.01015228426395939
341720703,9,3,0.015228426395939087
341720704,1,280,0.4827586206896552
341720704,2,274,0.4724137931034483
341720704,3,24,0.041379310344827586
341720704,4,2,0.0034482758620689655
341720705,1,38,0.2261904761904762
341720705,2,65,0.3869047619047619
341720705,3,23,0.13690476190476192
341720705,4,17,0.10119047619047619
341720705,5,21,0.125
341720705,6,1,0.005952380952380952
341720705,7,3,0.017857142857142856
341720706,1,6,0.16216216216216217
341720706,2,11,0.2972972972972973
341720706,3,13,0.35135135135135137
341720706,4,6,0.16216216216216217
341720706,5,1,0.02702702702702703
341720707,1,10,0.18518518518518517
341720707,2,15,0.2777777777777778
341720707,3,6,0.1111111111111111
341720707,4,13,0.24074074074074073
341720707,5,9,0.16666666666666666
341720707,10,1,0.018518518518518517
341720801,1,72,0.23300970873786409
341720801,2,147,0.47572815533980584
341720801,3,41,0.13268608414239483
341720801,4,17,0.05501618122977346
341720801,5,18,0.05825242718446602
341720801,6,5,0.016181229773462782
341720801,7,4,0.012944983818770227
341720801,8,3,0.009708737864077669
341720801,9,1,0.003236245954692557
341720801,11,1,0.003236245954692557
341720802,1,61,0.23018867924528302
341720802,2,98,0.36981132075471695
341720802,3,69,0.26037735849056604
341720802,4,24,0.09056603773584905
341720802,5,10,0.03773584905660377
341720802,6,3,0.011320754716981131
341720803,1,131,0.2911111111111111
341720803,2,220,0.4888888888888889
341720803,3,67,0.14888888888888888
341720803,4,11,0.024444444444444446
341720803,5,14,0.03111111111111111
341720803,6,4,0.008888888888888889
341720803,7,1,0.0022222222222222222
341720803,8,1,0.0022222222222222222
341720803,9,1,0.0022222222222222222
341720901,1,531,0.5537017726798749
341720901,2,391,0.40771637122002086
341720901,3,34,0.035453597497393116
341720901,4,3,0.0031282586027111575
341720902,1,509,0.5131048387096774
341720902,2,442,0.44556451612903225
341720902,3,26,0.02620967741935484
341720902,4,6,0.006048387096774193
341720902,5,3,0.0030241935483870967
341720902,6,2,0.0020161290322580645
341720902,7,2,0.0020161290322580645
341720902,9,2,0.0020161290322580645
341721001,1,283,0.5117540687160941
341721001,2,199,0.35985533453887886
341721001,3,31,0.05605786618444846
341721001,4,11,0.019891500904159132
341721001,5,17,0.03074141048824593
341721001,6,5,0.009041591320072333
341721001,7,3,0.0054249547920434
341721001,8,4,0.007233273056057866
341721002,1,252,0.47368421052631576
341721002,2,239,0.4492481203007519
341721002,3,24,0.045112781954887216
341721002,4,5,0.009398496240601503
341721002,5,11,0.020676691729323307
341721002,6,1,0.0018796992481203006
341721101,1,182,0.5069637883008357
341721101,2,143,0.3983286908077994
341721101,3,17,0.04735376044568245
341721101,4,5,0.013927576601671309
341721101,5,7,0.019498607242339833
341721101,6,3,0.008356545961002786
341721101,8,1,0.002785515320334262
341721101,9,1,0.002785515320334262
341721102,1,136,0.29310344827586204
341721102,2,246,0.5301724137931034
341721102,3,49,0.10560344827586207
341721102,4,13,0.028017241379310345
341721102,5,14,0.03017241379310345
341721102,6,5,0.010775862068965518
341721102,7,1,0.0021551724137931034
341721103,1,166,0.5303514376996805
341721103,2,84,0.268370607028754
341721103,3,28,0.08945686900958466
341721103,4,10,0.03194888178913738
341721103,5,15,0.04792332268370607
341721103,6,5,0.01597444089456869
341721103,7,3,0.009584664536741214
341721103,8,2,0.006389776357827476
341721201,1,161,0.43869209809264303
341721201,2,126,0.34332425068119893
341721201,3,37,0.1008174386920981
341721201,4,26,0.07084468664850137
341721201,5,10,0.027247956403269755
341721201,6,2,0.005449591280653951
341721201,8,4,0.010899182561307902
341721201,9,1,0.0027247956403269754
341721202,1,29,0.2396694214876033
341721202,2,70,0.5785123966942148
341721202,3,5,0.04132231404958678
341721202,4,4,0.03305785123966942
341721202,5,4,0.03305785123966942
341721202,6,6,0.049586776859504134
341721202,7,2,0.01652892561983471
341721202,8,1,0.008264462809917356
341721203,1,140,0.39660056657223797
341721203,2,137,0.3881019830028329
341721203,3,16,0.0453257790368272
341721203,4,27,0.0764872521246459
341721203,5,28,0.07932011331444759
341721203,6,3,0.0084985835694051
341721203,8,1,0.0028328611898017
341721203,10,1,0.0028328611898017
341721301,1,398,0.7223230490018149
341721301,2,80,0.14519056261343014
341721301,3,31,0.056261343012704176
341721301,4,19,0.034482758620689655
341721301,5,14,0.025408348457350273
341721301,6,7,0.012704174228675136
341721301,7,1,0.0018148820326678765
341721301,9,1,0.0018148820326678765
341721302,1,271,0.46324786324786327
341721302,2,227,0.38803418803418804
341721302,3,55,0.09401709401709402
341721302,4,19,0.03247863247863248
341721302,5,2,0.003418803418803419
341721302,6,4,0.006837606837606838
341721302,7,3,0.005128205128205128
341721302,8,3,0.005128205128205128
341721302,10,1,0.0017094017094017094
341721303,1,98,0.40329218106995884
341721303,2,132,0.5432098765432098
341721303,3,13,0.053497942386831275
341721401,1,238,0.43669724770642204
341721401,2,208,0.381651376146789
341721401,3,44,0.08073394495412844
341721401,4,26,0.047706422018348627
341721401,5,18,0.03302752293577982
341721401,6,6,0.011009174311926606
341721401,7,4,0.007339449541284404
341721401,8,1,0.001834862385321101
341721402,1,7,0.3333333333333333
341721402,2,2,0.09523809523809523
341721402,4,7,0.3333333333333333
341721402,5,5,0.23809523809523808
341721501,1,151,0.24794745484400657
341721501,2,310,0.5090311986863711
341721501,3,114,0.18719211822660098
341721501,4,15,0.024630541871921183
341721501,5,16,0.026272577996715927
341721501,6,3,0.0049261083743842365
341721502,1,171,0.45478723404255317
341721502,2,161,0.42819148936170215
341721502,3,12,0.031914893617021274
341721502,4,5,0.013297872340425532
341721502,5,14,0.03723404255319149
341721502,6,2,0.005319148936170213
341721502,7,9,0.023936170212765957
341721502,8,1,0.0026595744680851063
341721502,18,1,0.0026595744680851063
341721601,1,121,0.39672131147540984
341721601,2,115,0.3770491803278688
341721601,3,30,0.09836065573770492
341721601,4,9,0.029508196721311476
341721601,5,17,0.05573770491803279
341721601,6,7,0.022950819672131147
341721601,7,4,0.013114754098360656
341721601,8,1,0.003278688524590164
341721601,10,1,0.003278688524590164
341721602,1,220,0.36666666666666664
341721602,2,302,0.5033333333333333
341721602,3,43,0.07166666666666667
341721602,4,12,0.02
341721602,5,16,0.02666666666666667
341721602,6,6,0.01
341721602,7,1,0.0016666666666666668
341721603,1,223,0.5126436781609195
341721603,2,173,0.39770114942528734
341721603,3,25,0.05747126436781609
341721603,4,6,0.013793103448275862
341721603,6,2,0.004597701149425287
341721603,7,5,0.011494252873563218
341721603,8,1,0.0022988505747126436
341721701,1,50,0.28735632183908044
341721701,2,70,0.40229885057471265
341721701,3,33,0.1896551724137931
341721701,4,17,0.09770114942528736
341721701,5,2,0.011494252873563218
341721701,6,1,0.005747126436781609
341721701,7,1,0.005747126436781609
341721802,1,37,0.29365079365079366
341721802,2,18,0.14285714285714285
341721802,3,3,0.023809523809523808
341721802,4,7,0.05555555555555555
341721802,5,9,0.07142857142857142
341721802,6,43,0.3412698412698413
341721802,7,8,0.06349206349206349
341721802,10,1,0.007936507936507936
341721803,1,73,0.2579505300353357
341721803,2,118,0.4169611307420495
341721803,3,30,0.10600706713780919
341721803,4,7,0.024734982332155476
341721803,5,7,0.024734982332155476
341721803,6,11,0.038869257950530034
341721803,7,16,0.05653710247349823
341721803,8,7,0.024734982332155476
341721803,9,4,0.014134275618374558
341721803,10,7,0.024734982332155476
341721803,15,3,0.01060070671378092
341721804,1,103,0.30029154518950435
341721804,2,101,0.2944606413994169
341721804,3,31,0.09037900874635568
341721804,4,20,0.05830903790087463
341721804,5,27,0.07871720116618076
341721804,6,18,0.052478134110787174
341721804,7,21,0.061224489795918366
341721804,8,9,0.026239067055393587
341721804,9,10,0.029154518950437316
341721804,10,2,0.0058309037900874635
341721804,11,1,0.0029154518950437317
341721901,1,12,0.48
341721901,2,8,0.32
341721901,3,1,0.04
341721901,4,2,0.08
341721901,5,2,0.08
341721903,1,158,0.5080385852090032
341721903,2,86,0.2765273311897106
341721903,3,47,0.15112540192926044
341721903,4,19,0.06109324758842444
341721903,5,1,0.003215434083601286
341721904,1,181,0.4132420091324201
341721904,2,140,0.319634703196347
341721904,3,46,0.1050228310502283
341721904,4,51,0.11643835616438356
341721904,5,15,0.03424657534246575
341721904,6,3,0.00684931506849315
341721904,7,1,0.00228310502283105
341721904,8,1,0.00228310502283105
341722001,1,7,0.02413793103448276
341722001,2,22,0.07586206896551724
341722001,3,50,0.1724137931034483
341722001,4,88,0.30344827586206896
341722001,5,80,0.27586206896551724
341722001,6,35,0.1206896551724138
341722001,7,8,0.027586206896551724
341722002,1,19,0.04714640198511166
341722002,2,82,0.20347394540942929
341722002,3,149,0.369727047146402
341722002,4,111,0.27543424317617865
341722002,5,34,0.08436724565756824
341722002,6,3,0.007444168734491315
341722002,7,3,0.007444168734491315
341722002,8,2,0.004962779156327543
341722003,1,13,0.038461538461538464
341722003,2,47,0.1390532544378698
341722003,3,108,0.31952662721893493
341722003,4,91,0.2692307692307692
341722003,5,56,0.16568047337278108
341722003,6,16,0.047337278106508875
341722003,7,6,0.01775147928994083
341722003,8,1,0.0029585798816568047
341722101,1,64,0.4413793103448276
341722101,2,49,0.33793103448275863
341722101,3,9,0.06206896551724138
341722101,4,6,0.041379310344827586
341722101,5,8,0.05517241379310345
341722101,6,2,0.013793103448275862
341722101,7,5,0.034482758620689655
341722101,8,2,0.013793103448275862
341722102,1,279,0.6227678571428571
341722102,2,139,0.31026785714285715
341722102,3,16,0.03571428571428571
341722102,4,6,0.013392857142857142
341722102,5,1,0.002232142857142857
341722102,6,3,0.006696428571428571
341722102,7,3,0.006696428571428571
341722102,8,1,0.002232142857142857
341722201,1,242,0.5365853658536586
341722201,2,175,0.38802660753880264
341722201,3,20,0.04434589800443459
341722201,4,5,0.011086474501108648
341722201,5,5,0.011086474501108648
341722201,6,2,0.004434589800443459
341722201,7,1,0.0022172949002217295
341722201,8,1,0.0022172949002217295
341722202,1,97,0.303125
341722202,2,159,0.496875
341722202,3,24,0.075
341722202,4,3,0.009375
341722202,5,22,0.06875
341722202,6,8,0.025
341722202,7,4,0.0125
341722202,8,2,0.00625
341722202,9,1,0.003125
341722301,1,125,0.34153005464480873
341722301,2,139,0.3797814207650273
341722301,3,60,0.16393442622950818
341722301,4,15,0.040983606557377046
341722301,5,23,0.06284153005464481
341722301,6,2,0.00546448087431694
341722301,7,1,0.00273224043715847
341722301,9,1,0.00273224043715847
341722302,1,108,0.26150121065375304
341722302,2,135,0.3268765133171913
341722302,3,94,0.22760290556900725
341722302,4,43,0.10411622276029056
341722302,5,16,0.0387409200968523
341722302,6,11,0.026634382566585957
341722302,7,4,0.009685230024213076
341722302,8,2,0.004842615012106538
341722303,1,77,0.32083333333333336
341722303,2,96,0.4
341722303,3,31,0.12916666666666668
341722303,4,20,0.08333333333333333
341722303,5,16,0.06666666666666667
341722304,1,49,0.29878048780487804
341722304,2,66,0.4024390243902439
341722304,3,8,0.04878048780487805
341722304,4,8,0.04878048780487805
341722304,5,9,0.054878048780487805
341722304,6,14,0.08536585365853659
341722304,7,6,0.036585365853658534
341722304,8,1,0.006097560975609756
341722304,9,3,0.018292682926829267
341722305,1,26,0.06788511749347259
341722305,2,166,0.43342036553524804
341722305,3,140,0.36553524804177545
341722305,4,43,0.1122715404699739
341722305,5,6,0.015665796344647518
341722305,6,1,0.0026109660574412533
341722305,8,1,0.0026109660574412533
341722401,1,128,0.3575418994413408
341722401,2,122,0.3407821229050279
341722401,3,45,0.12569832402234637
341722401,4,39,0.10893854748603352
341722401,5,17,0.04748603351955307
341722401,7,5,0.013966480446927373
341722401,9,1,0.002793296089385475
341722401,11,1,0.002793296089385475
341722402,1,37,0.11349693251533742
341722402,2,158,0.48466257668711654
341722402,3,76,0.2331288343558282
341722402,4,38,0.1165644171779141
341722402,5,12,0.03680981595092025
341722402,6,1,0.003067484662576687
341722402,7,4,0.012269938650306749
341722403,1,30,0.06787330316742081
341722403,2,146,0.33031674208144796
341722403,3,128,0.2895927601809955
341722403,4,89,0.20135746606334842
341722403,5,29,0.06561085972850679
341722403,6,12,0.027149321266968326
341722403,7,5,0.011312217194570135
341722403,8,2,0.004524886877828055
341722403,9,1,0.0022624434389140274
341722501,1,18,0.05555555555555555
341722501,2,68,0.20987654320987653
341722501,3,133,0.4104938271604938
341722501,4,75,0.23148148148148148
341722501,5,26,0.08024691358024691
341722501,6,3,0.009259259259259259
341722501,7,1,0.0030864197530864196
341722502,1,17,0.059233449477351915
341722502,2,17,0.059233449477351915
341722502,3,56,0.1951219512195122
341722502,4,96,0.3344947735191638
341722502,5,67,0.23344947735191637
341722502,6,18,0.0627177700348432
341722502,7,15,0.05226480836236934
341722502,8,1,0.003484320557491289
341722503,1,7,0.023255813953488372
341722503,2,2,0.006644518272425249
341722503,3,22,0.07308970099667775
341722503,4,87,0.28903654485049834
341722503,5,104,0.34551495016611294
341722503,6,61,0.2026578073089701
341722503,7,12,0.03986710963455149
341722503,8,5,0.016611295681063124
341722503,9,1,0.0033222591362126247
341722504,1,5,0.018115942028985508
341722504,2,7,0.025362318840579712
341722504,3,19,0.06884057971014493
341722504,4,123,0.44565217391304346
341722504,5,91,0.32971014492753625
341722504,6,27,0.09782608695652174
341722504,7,3,0.010869565217391304
341722504,8,1,0.0036231884057971015
341722601,1,14,0.02422145328719723
341722601,2,102,0.17647058823529413
341722601,3,222,0.38408304498269896
341722601,4,185,0.32006920415224915
341722601,5,44,0.07612456747404844
341722601,6,9,0.015570934256055362
341722601,7,2,0.0034602076124567475
341722602,1,36,0.06440071556350627
341722602,2,131,0.23434704830053668
341722602,3,145,0.259391771019678
341722602,4,105,0.18783542039355994
341722602,5,106,0.18962432915921287
341722602,6,30,0.05366726296958855
341722602,7,5,0.008944543828264758
341722602,8,1,0.0017889087656529517
341722701,1,19,0.13970588235294118
341722701,2,18,0.1323529411764706
341722701,3,25,0.18382352941176472
341722701,4,24,0.17647058823529413
341722701,5,8,0.058823529411764705
341722701,6,6,0.04411764705882353
341722701,7,16,0.11764705882352941
341722701,8,13,0.09558823529411764
341722701,9,1,0.007352941176470588
341722701,10,1,0.007352941176470588
341722701,11,2,0.014705882352941176
341722701,17,1,0.007352941176470588
341722701,18,2,0.014705882352941176
341722703,1,12,0.14457831325301204
341722703,2,13,0.1566265060240964
341722703,3,7,0.08433734939759036
341722703,4,22,0.26506024096385544
341722703,5,9,0.10843373493975904
341722703,6,10,0.12048192771084337
341722703,7,5,0.060240963855421686
341722703,8,1,0.012048192771084338
341722703,11,1,0.012048192771084338
341722703,12,3,0.03614457831325301
341722704,1,1,0.018518518518518517
341722704,2,5,0.09259259259259259
341722704,4,18,0.3333333333333333
341722704,5,4,0.07407407407407407
341722704,6,3,0.05555555555555555
341722704,7,10,0.18518518518518517
341722704,8,12,0.2222222222222222
341722704,9,1,0.018518518518518517
341722801,1,48,0.18823529411764706
341722801,2,145,0.5686274509803921
341722801,3,29,0.11372549019607843
341722801,4,7,0.027450980392156862
341722801,5,15,0.058823529411764705
341722801,6,5,0.0196078431372549
341722801,7,5,0.0196078431372549
341722801,13,1,0.00392156862745098
341722802,1,51,0.09090909090909091
341722802,2,257,0.45811051693404636
341722802,3,185,0.32976827094474154
341722802,4,35,0.062388591800356503
341722802,5,15,0.026737967914438502
341722802,6,8,0.0142602495543672
341722802,7,9,0.016042780748663103
341722802,8,1,0.0017825311942959
341722901,1,84,0.20689655172413793
341722901,2,135,0.33251231527093594
341722901,3,133,0.3275862068965517
341722901,4,42,0.10344827586206896
341722901,5,12,0.029556650246305417
341722902,1,49,0.11395348837209303
341722902,2,125,0.29069767441860467
341722902,3,184,0.42790697674418604
341722902,4,54,0.12558139534883722
341722902,5,16,0.037209302325581395
341722902,6,2,0.004651162790697674
341723001,1,21,0.03776978417266187
341723001,2,18,0.03237410071942446
341723001,3,43,0.07733812949640288
341723001,4,115,0.2068345323741007
341723001,5,219,0.39388489208633093
341723001,6,94,0.16906474820143885
341723001,7,29,0.052158273381294966
341723001,8,6,0.01079136690647482
341723001,9,6,0.01079136690647482
341723001,10,4,0.007194244604316547
341723001,11,1,0.0017985611510791368
341790000,1,239,0.35355029585798814
341790000,2,352,0.5207100591715976
341790000,3,73,0.10798816568047337
341790000,4,12,0.01775147928994083
341980101,1,458,0.4437984496124031
341980101,2,510,0.4941860465116279
341980101,3,58,0.0562015503875969
341980101,4,5,0.0048449612403100775
341980101,6,1,9.689922480620155e-4
341980102,1,792,0.6275752773375595
341980102,2,449,0.35578446909667194
341980102,3,21,0.01664025356576862
341980103,1,852,0.8369351669941061
341980103,2,154,0.1512770137524558
341980103,3,11,0.010805500982318271
341980103,4,1,9.823182711198428e-4
341980104,1,10,0.20833333333333334
341980104,2,16,0.3333333333333333
341980104,3,13,0.2708333333333333
341980104,4,8,0.16666666666666666
341980104,5,1,0.020833333333333332
342020101,1,286,0.40974212034383956
342020101,2,248,0.3553008595988539
342020101,3,130,0.18624641833810887
342020101,4,32,0.045845272206303724
342020101,5,2,0.0028653295128939827
342020102,1,370,0.45066991473812423
342020102,2,432,0.5261875761266748
342020102,3,19,0.023142509135200974
342020103,1,231,0.3407079646017699
342020103,2,322,0.4749262536873156
342020103,3,110,0.16224188790560473
342020103,4,15,0.022123893805309734
342170101,1,353,0.5972927241962775
342170101,2,200,0.338409475465313
342170101,3,37,0.06260575296108291
342170101,4,1,0.001692047377326565
342170102,1,575,0.5184851217312895
342170102,2,487,0.43913435527502254
342170102,3,46,0.04147880973850315
342170102,4,1,9.017132551848512e-4
342270000,1,295,0.4675118858954041
342270000,2,274,0.43423137876386686
342270000,3,60,0.09508716323296355
342270000,4,2,0.003169572107765452
342440000,1,448,0.49448123620309054
342440000,2,410,0.45253863134657835
342440000,3,48,0.052980132450331126
342490000,1,350,0.4088785046728972
342490000,2,394,0.4602803738317757
342490000,3,92,0.10747663551401869
342490000,4,15,0.017523364485981307
342490000,5,3,0.0035046728971962616
342490000,6,2,0.002336448598130841
342560000,1,361,0.43130227001194743
342560000,2,321,0.3835125448028674
342560000,3,120,0.14336917562724014
342560000,4,35,0.04181600955794504
342590101,1,462,0.4269870609981516
342590101,2,518,0.4787430683918669
342590101,3,94,0.08687615526802218
342590101,4,8,0.0073937153419593345
342590102,1,236,0.29987293519695046
342590102,2,396,0.5031766200762389
342590102,3,114,0.144853875476493
342590102,4,36,0.045743329097839895
342590102,5,5,0.0063532401524777635
342700101,1,596,0.5345291479820627
342700101,2,426,0.3820627802690583
342700101,3,91,0.08161434977578476
342700101,4,1,8.968609865470852e-4
342700101,5,1,8.968609865470852e-4
342700102,1,563,0.6791314837153196
342700102,2,253,0.30518697225572977
342700102,3,10,0.012062726176115802
342700102,4,1,0.0012062726176115801
342700102,5,1,0.0012062726176115801
342700102,6,1,0.0012062726176115801
342700103,1,931,0.7037037037037037
342700103,2,364,0.2751322751322751
342700103,3,28,0.021164021164021163
342700104,1,48,0.48484848484848486
342700104,2,39,0.3939393939393939
342700104,3,10,0.10101010101010101
342700104,4,1,0.010101010101010102
342700104,6,1,0.010101010101010102
342950000,1,362,0.6350877192982456
342950000,2,166,0.2912280701754386
342950000,3,30,0.05263157894736842
342950000,4,11,0.01929824561403509
342950000,5,1,0.0017543859649122807
343070000,1,518,0.5174825174825175
343070000,2,432,0.43156843156843155
343070000,3,44,0.04395604395604396
343070000,4,7,0.006993006993006993
343270101,1,440,0.46462513199577615
343270101,2,483,0.5100316789862724
343270101,3,23,0.024287222808870117
343270101,4,1,0.0010559662090813093
343270102,1,657,0.6636363636363637
343270102,2,307,0.3101010101010101
343270102,3,26,0.026262626262626262
343270103,1,70,0.5882352941176471
343270103,2,43,0.36134453781512604
343270103,3,4,0.03361344537815126
343270103,4,2,0.01680672268907563
343270104,1,38,0.95
343270104,2,2,0.05
343370101,1,398,0.4090441932168551
343370101,2,416,0.42754367934224047
343370101,3,152,0.15621788283658788
343370101,4,7,0.007194244604316547
343370102,1,814,0.7933723196881092
343370102,2,209,0.2037037037037037
343370102,3,3,0.0029239766081871343
343370103,1,634,0.5784671532846716
343370103,2,391,0.35675182481751827
343370103,3,64,0.058394160583941604
343370103,4,4,0.0036496350364963502
343370103,5,2,0.0018248175182481751
343370103,6,1,9.124087591240876e-4
