"","CODE_IRIS","NB_NIV","n","poidsFitAIC","poidsFitCHI2"
"1",340570104,1,485,0.629614341894865,0.240218572646264
"2",340570104,2,359,0.271847338614151,0.143867167122024
"3",340570104,3,25,0.0782499916686429,0.0861622044778157
"4",340570104,4,6,0.0168929220367507,0.0516026389411015
"5",340570104,5,0,0.00291752940905774,0.0309048771653851
"6",340570104,6,1,0.000419898633394061,0.0185089648941731
"7",340570107,1,587,0.645210716444208,0.241079438082443
"8",340570107,2,442,0.264716559157793,0.143309364928028
"9",340570107,3,21,0.0724051382557396,0.0851900694618814
"10",340570107,4,2,0.0148531623668879,0.0506411282930808
"11",340570103,1,487,0.535591929928767,0.234012754955473
"12",340570103,2,524,0.305651967920042,0.146595108867021
"13",340570103,3,68,0.116286449033216,0.0918331393851714
"14",340570103,4,15,0.0331812150289151,0.0575280140962023
"15",340570103,5,4,0.00757435137076458,0.0360378881524684
"16",340570103,6,1,0.00144084533567684,0.0225755990866988
"17",340570103,7,2,0.000234932171148932,0.0141422735973625
"18",340570103,8,0,3.35178129219336e-05,0.00885929546031388
"19",340570103,9,1,4.25065963157907e-06,0.00554982305446104
"20",340570105,1,639,0.688316539935521,0.243228452055931
"21",340570105,2,287,0.242867178686959,0.141629353240823
"22",340570105,3,30,0.0571292063666801,0.0824692733512991
"23",340570105,4,10,0.0100787997715415,0.0480209849968511
"24",340570105,5,1,0.00142249068447162,0.0279621112974372
"25",340570101,1,296,0.683357796690929,0.241154458210976
"26",340570101,2,133,0.216379918392648,0.143257984475652
"27",340570101,3,24,0.068515014111685,0.0851025117606232
"28",340570101,4,10,0.021694745028076,0.0505552101300009
"29",340570101,5,1,0.00686947186591851,0.0300323600139746
"30",340570106,1,131,0.660089926627638,0.241859347617164
"31",340570106,2,79,0.257526593225226,0.14275156983419
"32",340570106,3,7,0.0669807183767779,0.0842556258043897
"33",340570106,4,1,0.013065883540653,0.0497298242529666
"34",341160101,1,470,0.556878672835794,0.235577109105327
"35",341160101,2,486,0.299422795668145,0.146080267767905
"36",341160101,3,71,0.1073291962732,0.0905836934334821
"37",341160101,4,9,0.0288544072277775,0.0561705262553868
"38",341160102,1,450,0.553707447532248,0.235350202548567
"39",341160102,2,454,0.300405179808919,0.146161030208459
"40",341160102,3,61,0.108653372171199,0.0907713123688079
"41",341160102,4,11,0.0294740805360339,0.0563722843045397
"42",341160102,5,3,0.00639627767521705,0.0350092375529416
"43",341160102,6,1,0.00115673294847604,0.0217420090237427
"44",341230102,1,577,0.532068815806344,0.233744260350613
"45",341230102,2,701,0.306599470481971,0.14667405555643
"46",341230102,3,107,0.117783304849849,0.092037676309575
"47",341230102,4,10,0.0339357408532319,0.0577534576809126
"48",341230102,5,3,0.00782205599495328,0.0362401791075419
"49",341230101,1,769,0.688495842744097,0.243236729025603
"50",341230101,2,410,0.242769845762206,0.141621936273448
"51",341230101,3,26,0.0570685585904706,0.0824578299263732
"52",341230101,4,2,0.0100614443158152,0.0480101733889474
"53",341230101,5,2,0.00141910241604951,0.027953400555107
"54",340570102,1,215,0.577940821046166,0.232114366440737
"55",340570102,2,131,0.24392522841465,0.147099504238173
"56",340570102,3,14,0.102950881630814,0.0932224251299879
"57",340570102,4,14,0.0434513645736745,0.0590785168999979
"58",340570102,5,15,0.0183390472563888,0.0374402527528817
"59",340570102,6,2,0.00774016322782703,0.0237272802323803
"60",340570102,7,0,0.00326680693690534,0.0150368596852641
"61",340570102,8,1,0.00137878585359096,0.0095294170667633
"62",340570102,9,0,0.000581929225319761,0.00603914590765996
"63",340570102,10,1,0.000245608571047699,0.00382723130265865
"64",343270101,1,440,0.592431650946881,0.237977863144655
"65",343270101,2,483,0.287134359029806,0.145082134651838
"66",343270101,3,23,0.092777104896049,0.0884486713049416
"67",343270101,4,1,0.0224831797089085,0.0539223349200322
"68",343270103,1,70,0.637622963733357,0.24066647596213
"69",343270103,2,43,0.26823798585331,0.143584066004162
"70",343270103,3,4,0.0752290106087722,0.0856637133521314
"71",343270103,4,2,0.0158238327594746,0.0511078421825959
"72",343270102,1,657,0.708240002554672,0.244110635908807
"73",343270102,2,307,0.231731142268272,0.140788903337169
"74",343270102,3,26,0.0505471987869092,0.0811989007733664
"75",340880102,1,721,0.670232504214735,0.24236766918704
"76",340880102,2,403,0.252411607800804,0.142357852661432
"77",340880102,3,43,0.0633726548642334,0.0836157655942736
"78",340880102,4,2,0.0119331676726333,0.0491128246542503
"79",340880101,1,539,0.577010397001552,0.236968389868648
"80",340880101,2,435,0.292749447984575,0.145535576918221
"81",340880101,3,77,0.0990187117836204,0.0893815591212817
"82",340880101,4,10,0.0251188482611698,0.0548942277903661
"83",340880101,5,1,0.0050976751896871,0.0337136236414466
"84",340880101,6,0,0.000862111327364029,0.0207054268688807
"85",340880101,7,1,0.00012497057072038,0.0127163637579296
"86",343270104,1,38,0.95,0.95
"87",343270104,2,2,0.05,0.05
"88",340900103,1,385,0.543571493205893,0.234610565447022
"89",340900103,2,504,0.303417826004604,0.146409699290121
"90",340900103,3,48,0.112910479778096,0.0913675818707495
"91",340900103,4,5,0.0315129221598363,0.0570183195333658
"92",340900103,5,2,0.00703611756856285,0.0355825194871422
"93",340900101,1,258,0.501050442169691,0.23126001212015
"94",340900101,2,492,0.313894203895693,0.147288131596449
"95",340900101,3,59,0.13109734130114,0.093806938390637
"96",340900102,1,442,0.597036546561244,0.23827007181335
"97",340900102,2,440,0.285374270617492,0.14494082671238
"98",340900102,3,33,0.0909363363650322,0.0881681995904405
"99",341200102,1,314,0.494695287213235,0.230723653296079
"100",341200102,2,393,0.315152446555103,0.147395333408961
"101",341200102,3,82,0.133848137950632,0.0941619292186712
"102",341200102,4,15,0.0426348999397321,0.0601543394157622
"103",341200102,5,5,0.0108644601005442,0.0384289551050235
"104",341200101,1,535,0.610745605498594,0.239115103560314
"105",341200101,2,414,0.27991010119436,0.144504599607967
"106",341200101,3,52,0.0855235131673461,0.0873285668573073
"107",341200101,4,4,0.0195980904403119,0.0527753345571066
"108",340770102,1,538,0.604193259620762,0.238715801976425
"109",340770102,2,496,0.282563456777504,0.144715989759918
"110",340770102,3,39,0.0880977577231577,0.0877307556466701
"111",340770102,4,2,0.0206003679784738,0.0531847620923193
"112",340900104,1,59,0.577422543541172,0.236996000120216
"113",340900104,2,69,0.292605013396467,0.145523858318688
"114",340900104,3,3,0.0988504228228628,0.0893567542457072
"115",340900104,4,1,0.0250458954346903,0.0548681819021171
"116",342270000,1,295,0.556068129898482,0.235519020102365
"117",342270000,2,274,0.299675682786333,0.146101148994699
"118",342270000,3,60,0.107667280350282,0.0906319401647206
"119",342270000,4,2,0.0290119717512032,0.0562223407176596
"120",341290109,1,368,0.670678243965837,0.240285700296229
"121",341290109,2,141,0.220868937036738,0.143825684384098
"122",341290109,3,27,0.0727369461983375,0.086088466617249
"123",341290109,4,15,0.0239538588505989,0.0515292113244316
"124",341290109,5,3,0.0078885268604737,0.0308433838358774
"125",341290109,6,2,0.00259786351821386,0.018461651207074
"126",341290109,7,2,0.000855532975755275,0.0110504271225648
"127",341290103,1,704,0.714410557117614,0.244368779530922
"128",341290103,2,281,0.228151843704574,0.140522179353061
"129",341290103,3,39,0.0485745563408361,0.0808060789436289
"130",341290103,4,1,0.00775630656341839,0.0464668454780959
"131",341722801,1,48,0.297071289233208,0.208452209524128
"132",341722801,2,145,0.308864987046949,0.146715492130301
"133",341722801,3,29,0.214084595585905,0.10326316847481
"134",341722801,4,7,0.111291865352029,0.0726799999688293
"135",341722801,5,15,0.0462840561120679,0.0511545643377929
"136",341722801,6,5,0.0160405093655391,0.0360042577560769
"137",341722801,7,5,0.00476494738273739,0.0253409757926198
"138",341722801,8,0,0.00123852881866113,0.0178358087110894
"139",341722801,9,0,0.000286155172847149,0.0125534263156203
"140",341722801,10,0,5.95031004059562e-05,0.00883551258114408
"141",341722801,11,0,1.12482485470235e-05,0.00621872312855469
"142",341722801,12,0,1.94913379812231e-06,0.00437694100873698
"143",341722801,13,1,3.11771415004708e-07,0.00308063443217096
"144",341721002,1,252,0.543686522398278,0.234616988600182
"145",341721002,2,239,0.303384730045079,0.146407633168877
"146",341721002,3,24,0.112861965651964,0.0913625018290589
"147",341721002,4,5,0.0314892824919019,0.0570127838268968
"148",341721002,5,11,0.00702858509420292,0.0355775887767844
"149",341721002,6,1,0.00130734979536704,0.0222014211236047
"150",341721102,1,136,0.401975949440862,0.221743304389419
"151",341721102,2,246,0.323782528164123,0.148146098565094
"152",341721102,3,49,0.173866331539112,0.0989760055235559
"153",341721102,4,13,0.0700226972119351,0.0661256000953313
"154",341721102,5,14,0.0225606790293674,0.0441783335752726
"155",341721102,6,5,0.00605737209186154,0.0295154245054006
"156",341721102,7,1,0.00139402174445071,0.0197191748360016
"157",341721001,1,283,0.560852521716719,0.230210329571675
"158",341721001,2,199,0.246296970600716,0.147490178657388
"159",341721001,3,31,0.108160693548116,0.0944933828158883
"160",341721001,4,11,0.0474984958210258,0.0605396201785858
"161",341721001,5,17,0.0208588446620524,0.0387862673781977
"162",341721001,6,5,0.009160109033243,0.0248494214647414
"163",341721001,7,3,0.00402263878274857,0.0159204220687514
"164",341721001,8,4,0.00176653167748856,0.0101998285636878
"165",341722802,1,51,0.248952323050812,0.200898719001769
"166",341722802,2,257,0.291628445212063,0.144966122641611
"167",341722802,3,185,0.227746820527953,0.104605827345059
"168",341722802,4,35,0.133393917274276,0.0754823190077064
"169",341722802,5,15,0.0625042742621905,0.0544671422939637
"170",341722802,6,8,0.0244063121522142,0.0393028410980326
"171",341722802,7,9,0.00816860350618535,0.0283604619834882
"172",341722802,8,1,0.00239222224447412,0.0204645715537634
"173",341721103,1,166,0.585715023738925,0.435927800154259
"174",341721103,2,84,0.203375460306836,0.322805650475907
"175",341721103,3,28,0.0941563187526131,0.159358939626087
"176",341721103,4,10,0.0490402769888108,0.0590028510993638
"177",341721103,5,15,0.0272448914627663,0.0174767048326107
"178",341721103,6,5,0.0157668892370194,0.00431384820274518
"179",341721103,7,3,0.0093851540948546,0.000912690177887724
"180",341721103,8,2,0.00570284596481384,0.00016896235251099
"181",341720902,1,509,0.589949463047376,0.23781864010653
"182",341720902,2,442,0.288067272426486,0.145157172659616
"183",341720902,3,26,0.0937738553791699,0.0885994670774963
"184",341720902,4,6,0.0228944854059677,0.0540783856738777
"185",341720902,5,3,0.00447167249237787,0.0330077808993442
"186",341720902,6,2,0.000727826465795875,0.0201469327592262
"187",341720902,7,2,0.000101540409298604,0.0122970671928098
"188",341720902,8,0,1.23953281509169e-05,0.00750575104169295
"189",341720902,9,2,1.34500724964984e-06,0.00458127924460029
"190",341721101,1,182,0.589489440748222,0.233324866852858
"191",341721101,2,143,0.241991639994571,0.146792194088831
"192",341721101,3,17,0.0993401234684262,0.0923517005969266
"193",341721101,4,5,0.0407801696411644,0.0581014314561113
"194",341721101,5,7,0.0167406902457768,0.0365534832106983
"195",341721101,6,3,0.00687223011505462,0.0229969744522407
"196",341721101,7,0,0.00282112302783799,0.0144681378490963
"197",341721101,8,1,0.00115810079187584,0.00910237184700866
"198",341721101,9,1,0.000475412603742879,0.00572659550975946
"199",341720901,1,531,0.632508919687201,0.240381865988227
"200",341720901,2,391,0.270555581443224,0.143765683978372
"201",341720901,3,34,0.0771534022384814,0.0859822424823904
"202",341720901,4,3,0.0165011772587162,0.0514235791025955
"203",341721201,1,161,0.502051980030931,0.222524975449167
"204",341721201,2,126,0.249995789377953,0.148147319441538
"205",341721201,3,37,0.124484908321356,0.0986299547428854
"206",341721201,4,26,0.0619870136146504,0.0656634761212974
"207",341721201,5,10,0.0308663106932109,0.0437158478635844
"208",341721201,6,2,0.0153698182934345,0.0291040844517857
"209",341721201,7,0,0.00765337058650009,0.0193762164792021
"210",341721201,8,4,0.00381098072963724,0.012899830801098
"211",341721201,9,1,0.00189767030846314,0.00858813870476583
"212",341720603,1,89,0.358086124418618,0.216642578093206
"213",341720603,2,163,0.321009033217147,0.147888920531979
"214",341720603,3,73,0.191847328300908,0.100954913889108
"215",341720603,4,14,0.08599149922823,0.0689158768736391
"216",341720603,5,7,0.0308350937383732,0.0470447440575252
"217",341720603,6,5,0.00921411820148581,0.0321146308200661
"218",341720602,1,30,0.27134757519785,0.204549947842615
"219",341720602,2,68,0.300555909201065,0.145883013789345
"220",341720602,3,61,0.221938853368693,0.104042332626929
"221",341720602,4,25,0.122914372484501,0.0742019697651945
"222",341720602,5,2,0.0544580373699986,0.0529201160529323
"223",341720602,6,1,0.0201066656828254,0.0377421070076425
"224",341720702,1,191,0.5950671029026,0.233888378126242
"225",341720702,2,111,0.240962245945706,0.146632006639552
"226",341720702,3,16,0.097573540341891,0.091928233217028
"227",341720702,4,5,0.0395107363706919,0.0576327110027069
"228",341720702,5,11,0.0159991969450359,0.0361317656315653
"229",341720702,6,0,0.00647860117018525,0.0226521443281237
"230",341720702,7,3,0.00262339874098171,0.0142013442657195
"231",341720702,8,0,0.0010623004524274,0.00890327096773305
"232",341720702,9,0,0.000430160399789304,0.00558174159021152
"233",341720702,10,0,0.000174186096903259,0.00349936998354998
"234",341720702,11,1,7.05336808531249e-05,0.00219386549589562
"235",341721402,1,7,0.171792749323335,0.171792749323335
"236",341721402,2,2,0.247023158248356,0.247023158248356
"237",341721402,3,0,0.236798665645444,0.236798665645444
"238",341721402,4,7,0.170248029928899,0.170248029928899
"239",341721402,5,5,0.0979207939898418,0.0979207939898418
"240",341721401,1,238,0.51806080034116,0.224803161740593
"241",341721401,2,208,0.249673807491037,0.148085737681661
"242",341721401,3,44,0.120327594958006,0.0975492761530937
"243",341721401,4,26,0.0579905848109342,0.0642591341135682
"244",341721401,5,18,0.0279479360315297,0.0423297484088464
"245",341721401,6,6,0.0134692059231519,0.0278840918894035
"246",341721401,7,4,0.00649133832264393,0.018368230611411
"247",341721401,8,1,0.00312843039592977,0.0120997985924078
"248",341721301,1,398,0.681618636894923,0.597711016015337
"249",341721301,2,80,0.191103583564024,0.285113278584324
"250",341721301,3,31,0.0714389301665408,0.0906676520336111
"251",341721301,4,19,0.0300437110031161,0.021624623639346
"252",341721301,5,14,0.0134772390905561,0.00412605234219596
"253",341721301,6,7,0.00629762877984868,0.000656054112758637
"254",341721301,7,1,0.00302682726751929,8.94124102524703e-05
"255",341721301,8,0,0.00148509098211096,1.06626215470965e-05
"256",341721301,9,1,0.000740215046265322,1.13025819655317e-06
"257",341721302,1,271,0.480216556551759,0.229467207106947
"258",341721302,2,227,0.317711850575806,0.147614575233641
"259",341721302,3,55,0.140132361284554,0.0949593760961787
"260",341721302,4,19,0.0463558692654887,0.0610866717890368
"261",341721302,5,2,0.0122676395125924,0.0392966089676285
"262",341721302,6,4,0.00270542834516821,0.0252792210007395
"263",341721302,7,3,0.00051140418357185,0.016261937892164
"264",341721302,8,3,8.45864055175018e-05,0.010461185651285
"265",341721302,9,0,1.243610388497e-05,0.00672960418102352
"266",341721302,10,1,1.64554825332055e-06,0.00432910512659588
"267",341721203,1,140,0.473190421111698,0.218030952985608
"268",341721203,2,137,0.249281246479832,0.147999171280115
"269",341721203,3,16,0.131323748482791,0.100461674820303
"270",341721203,4,27,0.0691826086362525,0.0681932744650189
"271",341721203,5,28,0.0364460609220583,0.046289519765418
"272",341721203,6,3,0.0192001340064869,0.0314212751466008
"273",341721203,7,0,0.0101148145105563,0.0213287270389005
"274",341721203,8,1,0.00532858117283947,0.0144779164746641
"275",341721203,9,0,0.00280714760373569,0.00982759379240275
"276",341721203,10,1,0.0014788322470013,0.00667095986618569
"277",342490000,1,350,0.501264757739645,0.23127851603457
"278",342490000,2,394,0.313850351951396,0.147284281859787
"279",342490000,3,92,0.131004679528626,0.0937945298806346
"280",342490000,4,15,0.0410121239749062,0.0597308397368857
"281",342490000,5,3,0.0102713540858853,0.0380381800539325
"282",342490000,6,2,0.00214368956730506,0.0242237200780868
"283",341640000,1,240,0.620073325597637,0.239669139945286
"284",341640000,2,172,0.2760021484428,0.144194742323654
"285",341640000,3,24,0.0819012664043893,0.0867534456815411
"286",341640000,4,1,0.0182276228912206,0.0521944158041987
"287",342440000,1,448,0.594146473866777,0.238087190989844
"288",342440000,2,410,0.28648337080546,0.145029816081797
"289",342440000,3,48,0.0920903350245377,0.0883443055683628
"290",343370103,1,634,0.627825763308674,0.240116617398935
"291",343370103,2,391,0.272638268374866,0.1439295509782
"292",343370103,3,64,0.0789302061458513,0.0862735610270935
"293",343370103,4,4,0.0171380309503928,0.0517136841024605
"294",343370103,5,2,0.00297692981380422,0.0309979684576743
"295",343370103,6,1,0.000430918383699211,0.0185806535577544
"296",341721303,1,98,0.54820738429734,0.234951873597954
"297",341721303,2,132,0.302064072323836,0.14629767227208
"298",341721303,3,13,0.110958865084496,0.0910952893648908
"299",341720707,1,10,0.170698332013934,0.442619799946548
"300",341720707,2,15,0.24621528933839,0.189251386096683
"301",341720707,3,6,0.236760636884015,0.107891203372409
"302",341720707,4,13,0.170751781890817,0.0691967229719499
"303",341720707,5,9,0.0985169541782314,0.0473384181633851
"304",341720707,6,0,0.0473669545010553,0.0337342238723728
"305",341720707,7,0,0.0195205998290492,0.0247264722874899
"306",341720707,8,0,0.00703912873409909,0.018501563915451
"307",341720707,9,0,0.0022562755365737,0.0140635235583058
"308",341720707,10,1,0.000650890407082917,0.0108236784455676
"309",341720701,1,82,0.484513318124176,0.219855589879873
"310",341720701,2,102,0.249760162684477,0.148099442651086
"311",341720701,3,13,0.128748037526987,0.0997629622496591
"312",341720701,4,4,0.0663678986628106,0.0672024719247242
"313",341720701,5,7,0.0342117678647632,0.0452690270111619
"314",341720701,6,5,0.0176357106977127,0.0304941879047661
"315",341720701,7,5,0.0090909739900859,0.0205415392679392
"316",341720701,8,0,0.0046862760171688,0.0138372215982292
"317",341720701,9,0,0.0024157128744446,0.00932104936543582
"318",341720701,10,0,0.00124526781401215,0.00627885884865863
"319",341720701,11,1,0.000641918973491886,0.00422957404212133
"320",341720801,1,72,0.285683653840044,0.206761160948132
"321",341720801,2,147,0.305434425861273,0.146374394587239
"322",341720801,3,41,0.217700446507261,0.10362421691062
"323",341720801,4,17,0.116375595864365,0.0733596771526826
"324",341720801,5,18,0.0497684943878485,0.0519342137619018
"325",341720801,6,5,0.0177364149762702,0.036766281747033
"326",341720801,7,4,0.00541789258582957,0.0260283034166938
"327",341720801,8,3,0.0014481148020613,0.0184264643189311
"328",341720801,9,1,0.00034405119649229,0.0130448220869853
"329",341720801,10,0,7.35674430475777e-05,0.00923494493223379
"330",341720801,11,1,1.43006430219934e-05,0.00653778237316688
"331",343370101,1,398,0.497797019138664,0.230987419020679
"332",343370101,2,416,0.314548536065175,0.147343667558735
"333",343370101,3,152,0.132504853366327,0.0939884798129004
"334",343370101,4,7,0.0418636573196301,0.0599539463344672
"335",343370102,1,814,0.816179440841648,0.247751391291675
"336",343370102,2,209,0.160527833021223,0.135623942034834
"337",343370102,3,3,0.0210486272054067,0.074243190147873
"338",340220103,1,514,0.740832360646933,0.245408420583649
"339",340220103,2,195,0.212138712128379,0.139333377895552
"340",340220103,3,13,0.0404975408509321,0.0791080850021911
"341",340220103,4,2,0.00579827273810027,0.0449145007982589
"342",340220102,1,324,0.521811474134737,0.232946982587011
"343",340220102,2,443,0.309221122049741,0.146893386041305
"344",340220102,3,75,0.122161236463486,0.0926290893449116
"345",340220102,4,1,0.0361958642945337,0.0584107183046006
"346",341290102,1,481,0.773447565577439,0.246532554779146
"347",341290102,2,137,0.190862714324656,0.137783351055741
"348",341290102,3,14,0.0313993064650981,0.0770050504898087
"349",341290102,4,0,0.0038741843187302,0.0430369689480048
"350",341290102,5,1,0.000382411099485362,0.0240527171198551
"351",341290101,1,895,0.674764878463559,0.242588864077585
"352",341290101,2,502,0.250070354519935,0.142178411149211
"353",341290101,3,32,0.0617846642642087,0.0833290541747575
"354",341290101,4,11,0.0114488123119468,0.0488381549177146
"355",341290108,1,141,0.555555033402011,0.229591837789264
"356",341290108,2,92,0.246913638263701,0.147594752017105
"357",341290108,3,31,0.109739523710699,0.094882340037653
"358",341290108,4,15,0.0487731789500806,0.0609957896739953
"359",341290108,5,4,0.0216769938893463,0.0392115788510048
"360",341290108,6,0,0.00963423082509532,0.0252074434023448
"361",341290108,7,1,0.0042818853972568,0.016204784951324
"362",341290108,8,1,0.00190306241236021,0.0104173616946108
"363",341290107,1,155,0.559391432544178,0.235756357858985
"364",341290107,2,109,0.298630998293118,0.146014929493788
"365",341290107,3,37,0.106282730306804,0.0904338692228537
"366",341290107,4,1,0.0283695065801106,0.0560099212523618
"367",341290107,5,1,0.00605802204196791,0.034689561617286
"368",341290104,1,413,0.782067102618204,0.246801263320005
"369",341290104,2,122,0.18496612824495,0.137359063288658
"370",341290104,3,4,0.0291641373512074,0.0764481997123082
"371",341290104,4,0,0.00344879458002866,0.0425478093642148
"372",341290104,5,2,0.000326268770771445,0.0236802970966772
"373",340220101,1,434,0.640424918737355,0.240820461602891
"374",340220101,2,341,0.266949106033337,0.143483216979312
"375",340220101,3,15,0.0741818159860653,0.0854887222526824
"376",340220101,4,0,0.0154606487677371,0.0509350277074567
"377",340220101,5,1,0.00257779249151012,0.0303475941527243
"378",341290105,1,126,0.714529772052668,0.244375000707314
"379",341290105,2,58,0.228082089337806,0.140515624254373
"380",341290105,3,1,0.0485367594292155,0.0807964832836726
"381",341290105,4,2,0.00774660898208584,0.0464579775071216
"382",341720105,1,61,0.314088709916724,0.210878655781145
"383",341720105,2,149,0.313284863393439,0.147149262500301
"384",341720105,3,53,0.208322049435159,0.102679455036238
"385",341720105,4,19,0.103894445643142,0.071648816360988
"386",341720105,5,14,0.0414514195295698,0.0499959109066057
"387",341720105,6,4,0.0137817776685112,0.0348867048240904
"388",341720105,7,1,0.0039275731417617,0.0243436343375516
"389",341720704,1,280,0.590477553844181,0.237852643014483
"390",341720704,2,274,0.287869723985194,0.145141262168101
"391",341720704,3,24,0.0935615333135136,0.0885673823791265
"392",341720704,4,2,0.0228065678324667,0.0540451495619856
"393",341720106,1,47,0.232575540743086,0.198062060974824
"394",341720106,2,69,0.284036188436965,0.144169169527024
"395",341720106,3,57,0.231255491109212,0.104940589529429
"396",341720106,4,50,0.141212029519342,0.0763861466838777
"397",341720106,5,9,0.0689828801394534,0.055601397241766
"398",341720106,6,2,0.0280821079746279,0.040472199599632
"399",341720106,7,3,0.00979876398364897,0.0294596722688479
"400",341720101,1,164,0.419804192547857,0.223649371889307
"401",341720101,2,239,0.32359685897818,0.148129412389631
"402",341720101,3,60,0.166291696620136,0.0981103708431494
"403",341720101,4,10,0.0640911544663694,0.0649813208038763
"404",341720101,5,15,0.0197613045717624,0.043038997988979
"405",341720101,6,5,0.00507752280884654,0.0285059664066545
"406",341722301,1,125,0.465648906736447,0.21676974882005
"407",341722301,2,139,0.248820002391599,0.147900192874671
"408",341722301,3,60,0.132957240303791,0.100911068871163
"409",341722301,4,15,0.0710458467136355,0.0688507812112839
"410",341722301,5,23,0.0379634258632659,0.0469763141589191
"411",341722301,6,2,0.020285798114066,0.0320515476096849
"412",341722301,7,1,0.0108397383999749,0.0218685037889642
"413",341722301,8,0,0.00579222606471749,0.014920697864319
"414",341722301,9,1,0.00309508233011144,0.0101802677909149
"415",341720705,1,38,0.247051975188353,0.200576465893278
"416",341720705,2,65,0.290794725356836,0.144879198186732
"417",341720705,3,23,0.228188345740845,0.104648279516495
"418",341720705,4,17,0.13429556124526,0.0755889219627487
"419",341720705,5,21,0.0632295140634819,0.0545989398955182
"420",341720705,6,1,0.0248082873553474,0.0394375810675473
"421",341720705,7,3,0.00834309009854723,0.0284863186617848
"422",341720802,1,61,0.298706050632825,0.208690464600981
"423",341720802,2,98,0.309325932867872,0.146761041930484
"424",341720802,3,69,0.21354892218592,0.103209331915111
"425",341720802,4,24,0.110570608509846,0.072581701889314
"426",341720802,5,10,0.0458006880712549,0.0510428984607926
"427",341720802,6,3,0.0158096792634064,0.0358957893719818
"428",341722303,1,77,0.350998741351102,0.215760433433892
"429",341722303,2,96,0.320111088373039,0.14780439029215
"430",341722303,3,31,0.194627685377501,0.101251825656569
"431",341722303,4,20,0.0887502900350809,0.0693614863437027
"432",341722303,5,16,0.0323761297002878,0.0475153485540685
"433",341722302,1,108,0.404095423460208,0.20497323126999
"434",341722302,2,135,0.240802312198723,0.14598093493399
"435",341722302,3,94,0.143495199880583,0.10396690939673
"436",341722302,4,43,0.0855094463203316,0.0740447254594957
"437",341722302,5,16,0.0509554703996693,0.0527342920952937
"438",341722302,6,11,0.0303645980109009,0.0375571054593616
"439",341722302,7,4,0.0180944029194869,0.0267479872098538
"440",341722302,8,2,0.0107825375094772,0.0190497859467007
"441",341722901,1,84,0.287498194076233,0.207034212565561
"442",341722901,2,135,0.306007044060937,0.146431551910972
"443",341722901,3,133,0.217138317026744,0.10356838673833
"444",341722901,4,42,0.11555873378478,0.0732520456936888
"445",341722901,5,12,0.0491993164054847,0.0518098462986332
"446",341720803,1,131,0.381387843842267,0.219425557156726
"447",341720803,2,220,0.323067339076214,0.148080542182236
"448",341720803,3,67,0.182443335592961,0.0999329670486959
"449",341720803,4,11,0.0772723671111335,0.0674403115762888
"450",341720803,5,14,0.0261824580198617,0.045512464603304
"451",341720803,6,4,0.00739290915142515,0.0307143366608536
"452",341720803,7,1,0.001789260329943,0.0207277387576979
"453",341720803,8,1,0.000378913213309167,0.0139882283231908
"454",341720803,9,1,7.13269156558751e-05,0.00944003269768388
"455",341720103,1,98,0.365784046407456,0.217581346270098
"456",341720103,2,84,0.32183914116146,0.147966588018254
"457",341720103,3,26,0.18878248664453,0.100624945773545
"458",341720103,4,21,0.0830511800128114,0.0684301763495408
"459",341720103,5,15,0.0292293999263105,0.0465360651797772
"460",341720103,6,1,0.0085726036635924,0.0316469352841439
"461",341720103,7,0,0.00215505720047947,0.021521555572215
"462",341720103,8,2,0.000474037731667182,0.0146357727877683
"463",341720703,1,69,0.450801393455375,0.214175185043519
"464",341720703,2,69,0.247579497114067,0.147625481479126
"465",341720703,3,34,0.135970314824065,0.1017544715907
"466",341720703,4,15,0.0746747074328104,0.0701367567777697
"467",341720703,5,5,0.041011245266227,0.0483434739958259
"468",341720703,6,0,0.0225233187528717,0.0333219211345948
"469",341720703,7,0,0.0123697752738376,0.0229679486458922
"470",341720703,8,2,0.00679346334366176,0.0158312200208848
"471",341720703,9,3,0.00373096060195103,0.0109120553695808
"472",341720102,1,111,0.31447683821829,0.210932812485825
"473",341720102,2,90,0.3133760309939,0.147158165075918
"474",341720102,3,104,0.208186051385915,0.102665513692738
"475",341720102,4,25,0.103728654328311,0.0716250280530214
"476",341720102,5,10,0.0413462233694687,0.0499695025045102
"477",341720102,6,6,0.0137338311352493,0.0348614338929103
"478",341720102,7,2,0.00391021619624238,0.0243212261911165
"479",341720109,1,199,0.365166694505132,0.217506729811879
"480",341720109,2,154,0.321778091244599,0.147960888256982
"481",341720109,3,53,0.189029908008331,0.100651710743525
"482",341720109,4,56,0.0832848174578091,0.0684692217986875
"483",341720109,5,31,0.0293556121020801,0.0465767973448923
"484",341720109,6,1,0.00862253957956128,0.0316842808186956
"485",341720108,1,29,0.240193118789267,0.199400053359273
"486",341720108,2,115,0.287683220454486,0.144553935886826
"487",341720108,3,47,0.229708593785529,0.104793554607145
"488",341720108,4,35,0.137562866828567,0.0759694920780192
"489",341720108,5,16,0.0659045167383243,0.0550736516976466
"490",341720108,6,4,0.0263116386144433,0.0399253309236127
"491",341720108,7,1,0.00900396548790475,0.0289436418364119
"492",341720301,1,250,0.532752407373286,0.233796559482059
"493",341720301,2,187,0.306417498099789,0.146658883354297
"494",341720301,3,53,0.117492581096803,0.0919980521286489
"495",341720301,4,18,0.0337884749526278,0.0577097097829338
"496",341720401,1,58,0.400762206537093,0.204246735041227
"497",341720401,2,71,0.240151860348613,0.145811770385171
"498",341720401,3,49,0.143908070891315,0.10409504161017
"499",341720401,4,14,0.0862351548624154,0.0743134635784179
"500",341720401,5,9,0.0516753639186859,0.05305239119556
"501",341720401,6,5,0.0309658310510261,0.037874108890063
"502",341720401,7,2,0.018555896271762,0.02703833120224
"503",341720401,8,2,0.0111193943376173,0.0193026681188487
"504",341720401,9,0,0.00666316132751772,0.0137801772498279
"505",341720401,10,1,0.0039928180913891,0.00983767030896864
"506",341720401,11,1,0.00239264750278278,0.00702311409740191
"507",341720706,1,6,0,0.200802759330546
"508",341720706,2,11,0,0.144940337311169
"509",341720706,3,13,0,0.104618589156408
"510",341720706,4,6,0,0.0755141694860248
"511",341720706,5,1,0,0.0545064681061493
"512",341723001,1,21,0.0416422498014344,0.356303839443404
"513",341723001,2,18,0.0987822663949373,0.164888760641866
"514",341723001,3,43,0.15621852326503,0.101742016695572
"515",341723001,4,115,0.185288017032863,0.0706256003205446
"516",341723001,5,219,0.175813462006556,0.0522940992143516
"517",341723001,6,94,0.139019483998113,0.0403340644219414
"518",341723001,7,29,0.0942220239428578,0.0319982144833255
"519",341723001,8,6,0.0558775349181117,0.0259139934894131
"520",341723001,9,6,0.0294557120664354,0.0213197628751691
"521",341723001,10,4,0.0139747588570441,0.0177592829470541
"522",341723001,11,1,0.00602735032025088,0.0149428448973744
"523",341722503,1,7,0.041252329085551,0.355935921433323
"524",341722503,2,2,0.0981004105601782,0.164763386045383
"525",341722503,3,22,0.155525611367986,0.101692361822961
"526",341722503,4,87,0.184924423251124,0.0706103691421403
"527",341722503,5,104,0.17590436463277,0.0522970694856504
"528",341722503,6,61,0.139436897845736,0.0403473477941757
"529",341722503,7,12,0.0947397030430974,0.032017475571361
"530",341722503,8,5,0.0563241153342086,0.0259366585322696
"531",341722503,9,1,0.0297648855293362,0.0213442248082605
"532",341722504,1,5,0.0572683411507113,0.369963557952674
"533",341722504,2,7,0.124309021797536,0.169422808392738
"534",341722504,3,19,0.179886857668809,0.103448343804551
"535",341722504,4,123,0.19523491393084,0.0710604134685601
"536",341722504,5,91,0.16951398056109,0.0520667706063423
"537",341722504,6,27,0.122651344420243,0.0397394928520472
"538",341722504,7,3,0.0760663039033275,0.0311974038911377
"539",341722504,8,1,0.0412781636414628,0.0250016938677285
"540",341722602,1,36,0.128099691052004,0.418053851036127
"541",341722602,2,131,0.210183317809795,0.18339820902103
"542",341722602,3,145,0.229909620768713,0.107274546851668
"543",341722602,4,105,0.188615470079246,0.0705912398033559
"544",341722602,5,106,0.123790541463261,0.0495488585326419
"545",341722602,6,30,0.0677043181617469,0.0362280756071687
"546",341722602,7,5,0.031739383387202,0.0272452836241727
"547",341722602,8,1,0.0130193305908345,0.0209166555097588
"548",341722502,1,17,0.0768710528553743,0.384864926523083
"549",341722502,2,17,0.152260667701177,0.174092903144029
"550",341722502,3,56,0.201058006168898,0.105000782825031
"551",341722502,4,96,0.199120638581207,0.0712453507242718
"552",341722502,5,67,0.157761551363166,0.0515643139743851
"553",341722502,6,18,0.104160921681499,0.0388750290460348
"554",341722502,7,15,0.0589469949795888,0.0301457897119137
"555",341722502,8,1,0.029189494878704,0.0238636816502763
"556",341720502,1,155,0.503083642253981,0.231430354218725
"557",341720502,2,177,0.313474466934199,0.14725230431615
"558",341720502,3,4,0.130218560316551,0.0936922954623457
"559",341720502,4,7,0.0405699871270726,0.0596136425149356
"560",341720502,5,7,0.0101117619576793,0.0379304013885195
"561",341720502,6,2,0.00210023338945348,0.0241339949850195
"562",341720502,7,1,0.000373905187300252,0.015355748756016
"563",341720502,8,1,5.82456471590588e-05,0.00977040974792005
"564",341720502,9,0,8.06515906695363e-06,0.00621662337402151
"565",341720502,10,1,1.00508990032972e-06,0.00395545398519829
"566",341722501,1,18,0.163170362801521,0.438396579809765
"567",341722501,2,68,0.240508237180424,0.188310353337681
"568",341722501,3,133,0.236334634789024,0.107849956887742
"569",341722501,4,75,0.174175093509253,0.0694893542433561
"570",341722501,5,26,0.102691552513372,0.0477579085364287
"571",341722501,6,3,0.0504547595618505,0.034190156604575
"572",341722501,7,1,0.0212482306769738,0.0251762670763483
"573",341722902,1,49,0.228765948889401,0.19738043435788
"574",341722902,2,125,0.28213519689481,0.143967226192052
"575",341722902,3,184,0.231970039577748,0.105008190324746
"576",341722902,4,54,0.143043388029758,0.0765918766856598
"577",341722902,5,16,0.0705657020062679,0.0558653144682264
"578",341722902,6,2,0.0290093700952323,0.0407475765797257
"579",341722601,1,14,0.139105824577391,0.424576051453336
"580",341722601,2,102,0.220402818936249,0.185040651220243
"581",341722601,3,222,0.232807901191414,0.107527002482616
"582",341722601,4,185,0.184433390367031,0.0702943553753317
"583",341722601,5,44,0.116888388437677,0.0490176052134233
"584",341722601,6,9,0.0617336486828087,0.0356051232710092
"585",341722601,7,2,0.0279463910387187,0.0266015752121634
"586",341720501,1,121,0.482758668100834,0.21957815238896
"587",341720501,2,134,0.249702736474343,0.148087589863575
"588",341720501,3,31,0.129156575992856,0.0998730248570254
"589",341720501,4,6,0.0668051193900804,0.0673562254830476
"590",341720501,5,7,0.034554368931008,0.0454262912114453
"591",341720501,6,2,0.0178729478088097,0.0306363356679836
"592",341720501,7,0,0.00924462732959303,0.0206617145738915
"593",341720501,8,0,0.00478170335287013,0.0139346445919477
"594",341720501,9,0,0.00247329461098525,0.00939778348062458
"595",341720501,10,1,0.00127929019876504,0.00633803996692788
"596",341720501,11,3,0.000661701766294779,0.00427449203370085
"597",341720501,12,1,0.000342259502918342,0.00288279692799545
"598",341720501,13,1,0.00017703076114463,0.00194421186483408
"599",341720501,14,0,9.15676266815714e-05,0.00131121264167227
"600",341720501,15,0,4.73625611836217e-05,0.000884306192539313
"601",341720501,16,0,2.44978742287722e-05,0.000596392543291867
"602",341720501,17,1,1.26713130947884e-05,0.000402218223387969
"603",341720403,1,11,0.191060579823465,0.453883014128529
"604",341720403,2,3,0.260377947545062,0.191625357256745
"605",341720403,3,7,0.236562580065517,0.107870020543448
"606",341720403,4,8,0.161194106917126,0.0683126397568072
"607",341720403,5,7,0.0878703304558607,0.0461455788071155
"608",341720402,1,1,0.166672109714055,0.324152082203979
"609",341720402,2,1,0.138892517557521,0.15331985909857
"610",341720402,3,0,0.115743008632712,0.0966911540787745
"611",341720402,4,3,0.0964518771992462,0.068600550173732
"612",341720402,5,5,0.0803760393405669,0.0519155162735123
"613",341720402,6,0,0.0669795952932148,0.0409256440473089
"614",341720402,7,0,0.0558159648379011,0.0331839686545817
"615",341720402,8,1,0.0465130002226426,0.0274672998758896
"616",341720402,9,0,0.0387605803464045,0.0230963332912195
"617",341720402,10,0,0.0323002726463281,0.0196636954335994
"618",341720402,11,0,0.0269167180600254,0.0169103285365771
"619",341720402,12,0,0.0224304518743826,0.0146636834167536
"620",341720402,13,0,0.0186919211386397,0.0128044391625056
"621",341720402,14,0,0.0155764992078539,0.0112474862035155
"622",341720402,15,2,0.0129803312229216,0.00993051649705309
"623",341720404,1,2,0.114002580115512,0.00890102217598377
"624",341720404,2,4,0.0990429654814129,0.0294258389720083
"625",341720404,3,0,0.0860463772084193,0.06485247664722
"626",341720404,4,2,0.0747552236012466,0.107197718252292
"627",341720404,5,1,0.0649457145898943,0.141753732687899
"628",341720404,6,11,0.0564234262222402,0.156207621599902
"629",341720404,7,3,0.0490194471915466,0.147544541306446
"630",341720404,8,1,0.042587031023254,0.12194166658175
"631",341720404,9,1,0.0369986875675816,0.0895836149519119
"632",341720404,10,0,0.0321436561514713,0.0592307934074776
"633",341720404,11,0,0.0279257103078793,0.0356019537477261
"634",341720404,12,0,0.0242612505722658,0.0196160496580587
"635",341720404,13,1,0.0210776475456092,0.00997670582257347
"636",341720404,14,1,0.018311802383542,0.00471170506683485
"637",341720404,15,0,0.0159088961805771,0.00207685322485567
"638",341720404,16,1,0.013821303462288,0.000858232169221968
"639",341720404,17,0,0.0120076482509124,0.000333791162841849
"640",341720404,18,0,0.0104319839956521,0.000122608702359863
"641",341720404,19,0,0.00906308111392857,4.2666464957637e-05
"642",341720404,20,0,0.00787380802270051,1.41050825683344e-05
"643",341720404,21,0,0.00684059339191649,4.44094408095929e-06
"644",341720404,22,1,0.00594295896199441,1.3346629064958e-06
"645",341720405,1,5,0.308139887084371,0.00741608085165842
"646",341720405,2,0,0.147121748701432,0.0253107766527254
"647",341720405,3,0,0.0936579341535266,0.0575897546227433
"648",341720405,4,2,0.067075634946885,0.0982757231142884
"649",341720405,5,1,0.0512405442970392,0.13416438832781
"650",341720405,6,2,0.0407747627910387,0.15263249936815
"651",341720405,7,0,0.0333736424237986,0.148836684524957
"652",341720405,8,1,0.0278849979166022,0.12699335926539
"653",341720405,9,1,0.0236688440858998,0.0963162384565309
"654",341720405,10,0,0.0203412910165383,0.0657446661752274
"655",341720405,11,3,0.017658132972801,0.0407970584452556
"656",341720405,12,1,0.0154566430254372,0.02320644499997
"657",341720405,13,0,0.0136242318481609,0.0121850207998006
"658",341720405,14,0,0.0120805385925547,0.00594099586987567
"659",341720405,15,1,0.01076668553248,0.00270351636423635
"660",341720405,16,1,0.00963856232378453,0.00115337366597197
"661",341720503,1,149,0.578152478631149,0.232137262831722
"662",341720503,2,129,0.243892190083808,0.147094136710793
"663",341720503,3,16,0.102885315868075,0.0932064279157888
"664",341720503,4,6,0.0434019154841986,0.0590603976411502
"665",341720503,5,2,0.0183089904696695,0.0374237125864567
"666",341720503,6,2,0.007723602248396,0.023713593536287
"667",341720503,7,2,0.00325818246452473,0.0150261553314659
"668",341720503,8,0,0.00137445619682721,0.00952134663604817
"669",341720503,9,0,0.000579810939861616,0.00603321606651739
"670",341720503,10,0,0.000244591807843166,0.00382295671995314
"671",341720503,11,0,0.000103180447885766,0.00242242245619943
"672",341720503,12,0,4.35264161943382e-05,0.00153497174730536
"673",341720503,13,0,1.83615107856506e-05,0.00097263722890113
"674",341720503,14,0,7.74575781351411e-06,0.000616313088957637
"675",341720503,15,0,3.26752873475433e-06,0.000390527744912297
"676",341720503,16,1,1.37839889775761e-06,0.000247458511394308
"677",341722403,1,30,0.174349355515835,0.186584263496649
"678",341722403,2,146,0.248889178915689,0.14027867903466
"679",341722403,3,128,0.236864744726859,0.105464991650073
"680",341722403,4,89,0.169065929881765,0.0792911976381078
"681",341722403,5,29,0.0965387691773105,0.0596130898463988
"682",341722403,6,12,0.0459373746521435,0.0448186001333252
"683",341722403,7,5,0.0187362984507046,0.0336957356695753
"684",341722403,8,2,0.00668666357199646,0.025333290172748
"685",341722403,9,1,0.00212120493004887,0.0190461961498625
"686",341722001,1,7,0.0671811934615192,0.377732942865382
"687",341722001,2,22,0.138939681912437,0.171894433717873
"688",341722001,3,50,0.191563880854906,0.10429836529144
"689",341722001,4,88,0.198089847027934,0.0711943799638146
"690",341722001,5,80,0.163870505527171,0.0518373326295192
"691",341722001,6,35,0.112968698230588,0.0393159113517395
"692",341722001,7,8,0.0667526736894669,0.0306710401570721
"693",341721202,1,29,0.317075992403722,0.211292642634155
"694",341721202,2,70,0.313975647823663,0.147216427699987
"695",341721202,3,5,0.207270412115738,0.102571846868663
"696",341721202,4,4,0.102621869012169,0.0714660988207723
"697",341721202,5,4,0.0406473761191547,0.0497934222360267
"698",341721202,6,6,0.0134166430709497,0.0346931613574321
"699",341721202,7,2,0.00379584462016344,0.0241721775873837
"700",341721202,8,1,0.0009396822861129,0.0168417678428387
"701",341722402,1,37,0.260411969165791,0.202798387254005
"702",341722402,2,158,0.296400595439963,0.145459033627866
"703",341722402,3,76,0.224908538212474,0.10433184775504
"704",341722402,4,38,0.127995316150903,0.0748329903237831
"705",341722402,5,12,0.0582736470096745,0.0536746598598306
"706",341722402,6,1,0.0221089987113577,0.0384986501087728
"707",341722402,7,4,0.00718983891301179,0.0276135156527919
"708",342950000,1,362,0.684283481547696,0.241215113351407
"709",342950000,2,166,0.21603959842866,0.143216100762301
"710",342950000,3,30,0.0682072698637303,0.0850313698531685
"711",342950000,4,11,0.0215341617745137,0.0504854818740436
"712",342950000,5,1,0.00679869058323815,0.0299746303564861
"713",340950102,1,465,0.478634555812889,0.229326738380971
"714",340950102,2,515,0.317965353238395,0.147636424769201
"715",340950102,3,169,0.140819984171167,0.0950456718327464
"716",340950102,4,34,0.0467745960526872,0.061188692074198
"717",340950103,1,216,0.522979063228169,0.233039050895062
"718",340950103,2,245,0.308933037598404,0.146869181827406
"719",340950103,3,58,0.121661494605745,0.0925619825853346
"720",340950103,4,2,0.0359338047447958,0.0583357278465416
"721",342590101,1,462,0.536652512970295,0.234092986132339
"722",342590101,2,518,0.305362054998266,0.14657100529771
"723",342590101,3,94,0.115836576281191,0.0917714791413547
"724",342590101,4,8,0.0329562371574562,0.0574602348307948
"725",342020103,1,231,0.455297551258406,0.227182366570752
"726",342020103,2,322,0.321095025607475,0.147908231011418
"727",342020103,3,110,0.150966498260166,0.0962964033307304
"728",342020103,4,15,0.0532339691820647,0.0626942613742629
"729",342020101,1,286,0.451049585033157,0.226777154949886
"730",342020101,2,248,0.321540031687268,0.147947247041588
"731",342020101,3,130,0.152810977489092,0.0965193690344236
"732",342020101,4,32,0.054467233952109,0.0629683132676644
"733",342020101,5,2,0.0155312379942365,0.0410799253604797
"734",342020102,1,370,0.586867944848126,0.237619223442295
"735",342020102,2,432,0.289209954048447,0.145249250355611
"736",342020102,3,19,0.0950155803135012,0.0887863550062911
"737",341790000,1,239,0.485799992198318,0.229958088717478
"738",341790000,2,352,0.316775806678113,0.147534086214577
"739",341790000,3,73,0.1377067562894,0.0946533636479816
"740",341790000,4,12,0.0448972514503388,0.0607267071613978
"741",341980104,1,10,0.406781997895665,0.205545071972921
"742",341980104,2,16,0.241310404083676,0.146110352308171
"743",341980104,3,13,0.143149675797508,0.103861575695818
"744",341980104,4,8,0.084918964678481,0.0738293128146458
"745",341980104,5,1,0.0503754585673371,0.052481077763028
"746",340870000,1,376,0.470661780436401,0.228609184947868
"747",340870000,2,439,0.319163631254606,0.147740055486433
"748",340870000,3,98,0.144286800344791,0.0954778960439041
"749",340870000,4,28,0.0489216471937161,0.0617031623749979
"750",340870000,5,16,0.0132698351251939,0.0398760383798637
"751",340870000,6,2,0.0029994991030005,0.0257701287206095
"752",342700101,1,596,0.597794928442368,0.238317771442515
"753",342700101,2,426,0.285080750913428,0.144917309172425
"754",342700101,3,91,0.0906342411358651,0.0881219489870988
"755",342700101,4,1,0.0216111548393407,0.0535855788216804
"756",342700101,5,1,0.00412243326704607,0.0325845523239041
"757",342700103,1,931,0.738158836201278,0.245308688472425
"758",342700103,2,364,0.213809252995488,0.139456308907873
"759",342700103,3,28,0.0412868653055258,0.0792799562678112
"760",342700102,1,563,0.720537346665262,0.244621215832417
"761",342700102,2,253,0.2245375011929,0.140251175528033
"762",342700102,3,10,0.0466476763721671,0.0804116362927031
"763",342700102,4,1,0.00726829271066738,0.0461032232131099
"764",342700102,5,1,0.000905992890303298,0.0264328309761148
"765",342700102,6,1,9.41100326623054e-05,0.0151550044599305
"766",341340000,1,605,0.66731264954363,0.242223228117204
"767",341340000,2,337,0.253901764836439,0.142472313420587
"768",341340000,3,39,0.0644037006553039,0.0838002211810685
"769",341340000,4,2,0.012252287791609,0.0492901175070079
"770",342590102,1,236,0.421914230849147,0.223868985777409
"771",342590102,2,396,0.323526605057868,0.148123116442278
"772",342590102,3,114,0.165388217994941,0.0980057936492717
"773",342590102,4,36,0.0634103862493383,0.06484562180115
"774",342590102,5,5,0.019449400364968,0.0429051641765775
"775",340950101,1,708,0.791977665937006,0.247095785139044
"776",340950101,2,207,0.178046692215644,0.136864074166587
"777",340950101,3,8,0.026684779948036,0.0758077471331059
"778",342560000,1,361,0.483413608831245,0.229748521322944
"779",342560000,2,321,0.317183742083534,0.147569242047309
"780",342560000,3,120,0.138743199617886,0.0947848589972302
"781",342560000,4,35,0.045517013215495,0.0608810438441134
"782",341690000,1,473,0.457169723928585,0.227359467699258
"783",341690000,2,827,0.32088657876114,0.147889992715248
"784",341690000,3,209,0.150153128462073,0.0961976651627586
"785",341690000,4,19,0.0526961007702287,0.0625734751409726
"786",341690000,5,3,0.014794918040419,0.0407020251956564
"787",341690000,6,1,0.00346150848328642,0.0264753531955122
"788",341722401,1,128,0.331711679446043,0.213272143443609
"789",341722401,2,122,0.31700283593965,0.147508639768975
"790",341722401,3,45,0.201964143804241,0.102023632599944
"791",341722401,4,39,0.0965042992320713,0.0705641488199634
"792",341722401,5,17,0.0368900324378374,0.0488053500134701
"793",341722401,6,0,0.0117514150845593,0.0337559827443627
"794",341722401,7,5,0.00320866595810845,0.0233471611354744
"795",341722401,8,0,0.000766596619391003,0.0161479503415387
"796",341722401,9,1,0.000162800888326022,0.0111686512428527
"797",341722401,10,0,3.11163860006551e-05,0.00772474326129183
"798",341722401,11,1,5.40665732957296e-06,0.0053427810713545
"799",341721701,1,50,0.457894257707636,0.215433540226819
"800",341721701,2,70,0.248227106466009,0.147770297534553
"801",341721701,3,33,0.134565339807842,0.101358687279892
"802",341721701,4,17,0.0729486434233542,0.0695240089416531
"803",341721701,5,2,0.0395458784922384,0.0476879481082029
"804",341721701,6,1,0.0214380478146386,0.0327101447311415
"805",341721701,7,1,0.0116216888238538,0.0224365612440385
"806",342700104,1,48,0.535678289633357,0.234019224187054
"807",342700104,2,39,0.305628442175579,0.146593174152107
"808",342700104,3,10,0.116249804499394,0.0918281768629963
"809",342700104,4,1,0.0331628585103602,0.0575225559768024
"810",342700104,5,0,0.00756835808413869,0.0360329972688124
"811",342700104,6,1,0.00143936235351599,0.0225716133458647
"812",342170102,1,575,0.612139047292627,0.239198852401661
"813",342170102,2,487,0.279336032994756,0.144459020803034
"814",342170102,3,46,0.084979188605762,0.0872429298127622
"815",342170102,4,1,0.019389180887279,0.0526884978176087
"816",342170101,1,353,0.643521305900401,0.240988668576062
"817",342170101,2,200,0.265509132790487,0.143370914539118
"818",342170101,3,37,0.0730305782147815,0.085295376157055
"819",342170101,4,1,0.015065768072639,0.0507446103497407
"820",340580103,1,90,0.594630768430644,0.238117968311464
"821",340580103,2,59,0.286298563050975,0.145014969574367
"822",340580103,3,15,0.0918966542564229,0.0883148027415873
"823",340580103,4,1,0.022122871418379,0.0537841328117904
"824",340580101,1,718,0.645925476202464,0.241118145241179
"825",340580101,2,352,0.264379768341392,0.14328291288537
"826",340580101,3,75,0.0721411003626257,0.0851449529208231
"827",340580101,4,9,0.0147638141739635,0.0505968427211493
"828",340580101,5,2,0.00241715424763606,0.0300668495962329
"829",341722304,1,49,0.370203314921463,0.197183328513309
"830",341722304,2,66,0.233152820542623,0.143908096185858
"831",341722304,3,8,0.146838873494455,0.10502683114227
"832",341722304,4,8,0.0924786357674745,0.0766505537363294
"833",341722304,5,9,0.0582427382469409,0.0559410135884912
"834",341722304,6,14,0.0366810834778203,0.0408268022703735
"835",341722304,7,6,0.0231016247794204,0.0297961670105865
"836",341722304,8,1,0.0145493267060071,0.0217458022463595
"837",341722304,9,3,0.00916311772956794,0.0158704948582736
"838",341722305,1,26,0.24824040892199,0.200778534675847
"839",341722305,2,166,0.291317544061555,0.144933814635163
"840",341722305,3,140,0.227913233644742,0.104621794648583
"841",341722305,4,43,0.133731497971747,0.0755221957211542
"842",341722305,5,6,0.0627751649652572,0.0545163850964544
"843",341722305,6,1,0.0245561778400665,0.0393531493040585
"844",341722305,7,0,0.00823354545812193,0.0284074293885683
"845",341722305,8,1,0.00241557795948222,0.0205061617364196
"846",341720202,1,212,0.499157546349025,0.231102113219087
"847",341720202,2,325,0.314277501656411,0.14732056819029
"848",341720202,3,52,0.13191606373556,0.0939123814559622
"849",341720202,4,6,0.0415282221438868,0.0598662868265496
"850",341720202,5,0,0.0104587307146408,0.0381629370146397
"851",341720202,6,1,0.00219499420142068,0.0243277116184441
"852",341721502,1,171,0.522222161896701,0.225371623784393
"853",341721502,2,161,0.249506175520637,0.148054351130705
"854",341721502,3,12,0.119208521133672,0.0972619823234913
"855",341721502,4,5,0.0569551895107372,0.0638947328008196
"856",341721502,5,14,0.0272119273132037,0.0419746419120855
"857",341721502,6,2,0.0130012558023266,0.0275745822294948
"858",341721502,7,9,0.00621171188986356,0.0181146890239997
"859",341721502,8,1,0.00296781827765957,0.0119001606517622
"860",341721502,9,0,0.00141795780058364,0.00781762377207405
"861",341721502,10,0,0.000677468812484562,0.00513566524269127
"862",341721502,11,0,0.000323679584611283,0.00337379467904347
"863",341721502,12,0,0.000154646932173753,0.00221636146408507
"864",341721502,13,0,7.3886876923283e-05,0.0014560038789539
"865",341721502,14,0,3.53015123206107e-05,0.000956498896899894
"866",341721502,15,0,1.68662802383184e-05,0.000628356938463678
"867",341721502,16,0,8.05833490910813e-06,0.000412789228921369
"868",341721502,17,0,3.85009383158602e-06,0.00027117540538362
"869",341721502,18,1,1.83948950735002e-06,0.000178144426580903
"870",341721803,1,73,0.334112016086941,0.179594353865306
"871",341721803,2,118,0.222481176793261,0.252625789852084
"872",341721803,3,30,0.148147542273469,0.236903474691094
"873",341721803,4,7,0.0986496682461551,0.166619735321485
"874",341721803,5,7,0.0656896287021243,0.093750034641076
"875",341721803,6,11,0.043741934420455,0.0439577229464289
"876",341721803,7,16,0.029127228523694,0.0176665663327816
"877",341721803,8,7,0.0193954714786175,0.00621265393056343
"878",341721803,9,4,0.0129152113999399,0.00194200191525117
"879",341721803,10,7,0.00860008408091691,0.00054634208389706
"880",341721803,11,0,0.00572669265012455,0.000139729135033684
"881",341721803,12,0,0.00381333582328117,3.27582524575604e-05
"882",341721803,13,0,0.00253925450334814,7.0891207564797e-06
"883",341721803,14,0,0.00169085906187665,1.4245553874353e-06
"884",341721803,15,3,0.00112592273179417,2.67179468391524e-07
"885",341721603,1,223,0.542572770683287,0.234536498735258
"886",341721603,2,173,0.303704116480004,0.146433408784257
"887",341721603,3,25,0.113331882653262,0.0914260395452633
"888",341721603,4,6,0.0317186570631608,0.057082060551135
"889",341721603,5,0,0.00710178412172664,0.0356393173429577
"890",341721603,6,2,0.00132507022631238,0.0222514907207005
"891",341721603,7,5,0.000211915896210758,0.0138927700137685
"892",341721603,8,1,2.96548838719392e-05,0.00867398328849531
"893",341721602,1,220,0.452378941753367,0.226904463789881
"894",341721602,2,302,0.321404954638646,0.147935392471198
"895",341721602,3,43,0.152233942729351,0.0964497567834248
"896",341721602,4,12,0.0540793778637743,0.062882555879202
"897",341721602,5,16,0.0153688674559646,0.0409976755335946
"898",341721602,6,6,0.00363974365413374,0.026729342910087
"899",341721602,7,1,0.000738844322176338,0.0174267873265053
"900",341722102,1,279,0.657853981638713,0.239352100640856
"901",341722102,2,139,0.225082120480805,0.144374472629382
"902",341722102,3,16,0.077010951326823,0.0870850445481915
"903",341722102,4,6,0.0263489903666874,0.0525287112454332
"904",341722102,5,1,0.00901520214180202,0.031684722898421
"905",341722102,6,3,0.00308451551753971,0.0191118655178696
"906",341722102,7,3,0.00105535470289982,0.0115280605339091
"907",341722102,8,1,0.000361085409556032,0.0069535953750415
"908",341722202,1,97,0.450704426589934,0.2141577911047
"909",341722202,2,159,0.247569946442173,0.147623331421565
"910",341722202,3,24,0.135989075690053,0.10175977193072
"911",341722202,4,3,0.0746981973086723,0.0701450853579611
"912",341722202,5,22,0.0410313891233654,0.04835243737796
"913",341722202,6,8,0.0225383604163306,0.0333303208408484
"914",341722202,7,4,0.012380221608611,0.0229752696574562
"915",341722202,8,2,0.00680040092744569,0.0158373217693692
"916",341722202,9,1,0.00373543012685963,0.0109169887694935
"917",341722201,1,242,0.57016251281545,0.236504482633588
"918",341722201,2,175,0.295103600149099,0.145727016399422
"919",341722201,3,20,0.101826096786488,0.0897926460936408
"920",341722201,4,5,0.0263514761803969,0.0553275534743592
"921",341722201,5,5,0.00545557823623203,0.0340911901656818
"922",341722201,6,2,0.000941229177190898,0.0210059757558463
"923",341722201,7,1,0.000139188445655526,0.0129432564633485
"924",341722201,8,1,1.80102209847485e-05,0.00797524903499836
"925",341721802,1,37,0.263048837362603,0.396116698063056
"926",341721802,2,18,0.193854146524786,0.177420994739413
"927",341721802,3,3,0.142861038663521,0.105956012553021
"928",341721802,4,7,0.105281608538668,0.0711866777052134
"929",341721802,5,9,0.0775874038169067,0.0510153143552356
"930",341721802,6,43,0.0571781274488866,0.0380830020719843
"931",341721802,7,8,0.0421374875008862,0.0292412707524128
"932",341721802,8,0,0.0310532704043969,0.0229200811199974
"933",341721802,9,0,0.0228847437282137,0.0182505300941308
"934",341721802,10,1,0.016864938497166,0.0147139693817005
"935",341722704,1,1,0.0233596665126098,0.336296405905831
"936",341722704,2,5,0.0637499239752236,0.157832043836437
"937",341722704,3,0,0.115984898005085,0.0987658649695764
"938",341722704,4,18,0.158264854211572,0.0695298168029789
"939",341722704,5,4,0.172765692840541,0.0522112417539669
"940",341722704,6,3,0.157162628701141,0.0408399993406135
"941",341722704,7,10,0.122544626544165,0.0328580576267645
"942",341722704,8,12,0.0836078997697327,0.0269868931875077
"943",341722704,9,1,0.0507046551196971,0.0225166261866565
"944",340770101,1,252,0.464665086008782,0.228059571210315
"945",340770101,2,420,0.319977054896895,0.147810657829318
"946",340770101,3,90,0.146894783279895,0.0957994898086849
"947",340770101,4,12,0.050577245363266,0.0620898545638161
"948",340770101,5,1,0.0139313742335525,0.0402418639958805
"949",340770101,6,3,0.00319780147905953,0.0260816783875458
"950",341720203,1,247,0.476636030242046,0.229148413596513
"951",341720203,2,385,0.318278173516488,0.147663417360994
"952",341720203,3,75,0.14168882097247,0.0951544219071958
"953",341720203,4,15,0.0473070186531236,0.0613175840726843
"954",341720203,5,2,0.0126358819191914,0.0395130992459571
"955",341722701,1,19,0.222222252529602,0.36617428294897
"956",341722701,2,18,0.172839523010272,0.16818885802506
"957",341722701,3,25,0.134430734880787,0.103001924788243
"958",341722701,4,24,0.104557234166369,0.0709652899365352
"959",341722701,5,8,0.0813222900716534,0.0521525257436236
"960",341722701,6,6,0.0632506675910648,0.0399239476773277
"961",341722701,7,16,0.0491949617649773,0.0314359121031108
"962",341722701,8,13,0.0382627465484564,0.0252681529169174
"963",341722701,9,1,0.0297599128224891,0.0206329037238074
"964",341722701,10,1,0.023146597959991,0.0170585549503411
"965",341722701,11,2,0.0180029088229247,0.0142458685050674
"966",341722701,12,0,0.0140022618722093,0.0119960909040409
"967",341722701,13,0,0.0108906476984576,0.0101722498679719
"968",341722701,14,0,0.00847050343540002,0.00867704228387743
"969",341722701,15,0,0.00658816908192569,0.00743957057610347
"970",341722701,16,0,0.00512413130849428,0.00640705603344175
"971",341722701,17,1,0.00398543530686322,0.00553947952042698
"972",341722701,18,2,0.00309978289566107,0.00480601093996975
"973",341721601,1,121,0.469230870749695,0.217373429514342
"974",341721601,2,115,0.249053260685178,0.147950500409327
"975",341721601,3,30,0.132189782310821,0.100699292550501
"976",341721601,4,9,0.070162255652902,0.068538784878162
"977",341721601,5,17,0.0372399593391281,0.0466494343067916
"978",341721601,6,7,0.0197658207917458,0.0317509235830798
"979",341721601,7,4,0.0104910874905525,0.0216105760629085
"980",341721601,8,1,0.00556834537224931,0.0147087689134066
"981",341721601,9,0,0.00295550582459373,0.0100112038808316
"982",341721601,10,1,0.00156869125301382,0.00681390833819049
"983",341722002,1,19,0.148982020177947,0.430313381532422
"984",341722002,2,82,0.229010925365846,0.186433061931322
"985",341722002,3,149,0.234686055289439,0.107696043775697
"986",341722002,4,111,0.180376365644994,0.0699888873807198
"987",341722002,5,34,0.110907768229076,0.0485162419224313
"988",341722002,6,3,0.056828089282327,0.0350327301108968
"989",341722002,7,3,0.0249584351526333,0.0260192797263738
"990",341722002,8,2,0.00959134921643733,0.0197274703609755
"991",341721501,1,151,0.377741334100819,0.219001528006552
"992",341721501,2,310,0.32283411183217,0.148059011650186
"993",341721501,3,114,0.183938680350418,0.100097342380982
"994",341721501,4,15,0.0786009831884847,0.0676721925944512
"995",341721501,5,16,0.0268703224201747,0.0457507216636212
"996",341721501,6,3,0.00765484728132848,0.0309304080818828
"997",341722003,1,13,0.108677667590758,0.406127655297759
"998",341722003,2,47,0.19038961274486,0.180234036451111
"999",341722003,3,108,0.22235911292978,0.106647281863938
"1000",341722003,4,91,0.194772607562805,0.0709929618291486
"1001",341722003,5,56,0.136486850147831,0.0504091672780313
"1002",341722003,6,16,0.0797026016490777,0.0372848601260512
"1003",341722003,7,6,0.0398939826871929,0.0283654690540507
"1004",341722003,8,1,0.0174723107402028,0.0220293794434207
"1005",341720204,1,148,0.468789773601331,0.217299569675931
"1006",341720204,2,134,0.249025921768144,0.147944631663046
"1007",341720204,3,22,0.132285116281593,0.100725528681701
"1008",341720204,4,26,0.0702712065691192,0.0685772238854567
"1009",341720204,5,31,0.0373287835508895,0.0466896098475424
"1010",341720204,6,6,0.0198294315612549,0.0317878086076627
"1011",341720204,7,0,0.0105335968290111,0.0216421764794546
"1012",341720204,8,1,0.0055955543563313,0.0147346993480686
"1013",340270000,1,341,0.585772120775285,0.237547847371633
"1014",340270000,2,285,0.28961216026407,0.145281701205241
"1015",340270000,3,49,0.0954582853389134,0.0888527214143439
"1016",340270000,4,2,0.0235978115478735,0.0543413660305503
"1017",341980103,1,852,0.850458516165834,0.248367329460384
"1018",341980103,2,154,0.127178828446842,0.134219274041463
"1019",341980103,3,11,0.0190185107182315,0.0725329436981804
"1020",341980103,4,1,0.00284405631312033,0.0391972610423906
"1021",343070000,1,518,0.603698954406635,0.238685331916338
"1022",343070000,2,432,0.282760533062576,0.144731727018137
"1023",343070000,3,44,0.0882929242290053,0.087761039346125
"1024",343070000,4,7,0.0206773211535421,0.0532156990439761
"1025",341980101,1,458,0.559940637486815,0.235794175388614
"1026",341980101,2,510,0.298456364874617,0.146000968647589
"1027",341980101,3,58,0.106054339538529,0.0904020755003932
"1028",341980101,4,5,0.0282642395807475,0.055975897492196
"1029",341980101,5,0,0.0060260975085337,0.0346596146461616
"1030",341980101,6,1,0.00107066537436855,0.0214608240553517
"1031",341721804,1,103,0.323279835448186,0.165544883580806
"1032",341721804,2,101,0.21876998344078,0.242336985778509
"1033",341721804,3,31,0.148046059193042,0.236500673436386
"1034",341721804,4,20,0.100185753538363,0.173103689753074
"1035",341721804,5,27,0.0677977196202285,0.101360852705355
"1036",341721804,6,18,0.0458800839776388,0.0494598664910618
"1037",341721804,7,21,0.0310479779789988,0.0206865865415211
"1038",341721804,8,9,0.0210107927669491,0.00757064326012752
"1039",341721804,9,10,0.0142184271386139,0.00246277199992802
"1040",341721804,10,2,0.00962189635291077,0.000721037981014911
"1041",341721804,11,1,0.00651133128324227,0.000191910789247112
"1042",341721904,1,181,0.379999856736191,0.219264633880298
"1043",341721904,2,140,0.322982396899489,0.148072706793885
"1044",341721904,3,46,0.18301345269429,0.0999957271232243
"1045",341721904,4,51,0.0777765077646981,0.0675286192803983
"1046",341721904,5,15,0.0264425814431329,0.0456030927831303
"1047",341721904,6,3,0.00749165925838941,0.0307964548001718
"1048",341721904,7,1,0.00181930449343652,0.0207973093572694
"1049",341721904,8,1,0.000386581281258267,0.0140447359706986
"1050",341722703,1,12,0.242691261648771,0.381251597280835
"1051",341722703,2,13,0.183792213168099,0.172987585839943
"1052",341722703,3,7,0.139187449073113,0.104654267044513
"1053",341722703,4,22,0.105407871451885,0.0712281173364241
"1054",341722703,5,9,0.0798263021415157,0.0517100209933062
"1055",341722703,6,10,0.0604531561620353,0.0391044993173526
"1056",341722703,7,5,0.0457817034224208,0.0304167775549269
"1057",341722703,8,1,0.0346708840584036,0.0241520787653715
"1058",341722703,9,0,0.0262565634637914,0.0194820770019876
"1059",341722703,10,0,0.0198843249502028,0.0159114964636609
"1060",341722703,11,1,0.015058573041004,0.0131265804046024
"1061",341722703,12,3,0.0114039889510526,0.0109193378589256
"1062",341980102,1,792,0.691405755410895,0.243369773805867
"1063",341980102,2,449,0.241182859842762,0.14150156299952
"1064",341980102,3,21,0.0560878292056488,0.0822727161972008
"1065",341721903,1,158,0.563405130922263,0.230503687458832
"1066",341721903,2,86,0.245979789372731,0.147436888420985
"1067",341721903,3,47,0.107393513936957,0.0943049384888656
"1068",341721903,4,19,0.0468874571571036,0.0603201920403723
"1069",341721903,5,1,0.0204708232188936,0.0385825559731104
"1070",341722101,1,64,0.45886125388746,0.215602222841018
"1071",341722101,2,49,0.248307603568288,0.147788074657836
"1072",341722101,3,9,0.134368865245153,0.101303756163848
"1073",341722101,4,6,0.0727121992553268,0.0694403187582244
"1074",341722101,5,8,0.0393473883321127,0.0475990037471543
"1075",341722101,6,2,0.0212923963848426,0.0326275166680923
"1076",341722101,7,5,0.0115221406814249,0.0223650656551879
"1077",341722101,8,2,0.00623507676087857,0.0153305005357648
"1078",340580102,1,742,0.783526923006009,0.246845562406127
"1079",340580102,2,216,0.183956258395303,0.137286709200117
"1080",340580102,3,13,0.0287928034201832,0.0763539775205193
"1081",340580102,4,0,0.00337998365491249,0.04246536257713
"1082",340580102,5,1,0.000317420692685101,0.0236177220541326
"1083",341720201,1,13,0,0.206768944918357
"1084",341720201,2,23,0,0.146376034917315
"1085",341720201,3,11,0,0.103622638334665
"1086",341720201,4,9,0,0.0733566200334789
"1087",341720201,5,3,0,0.0519306764353638
"1088",341721901,1,12,0.223703433826539,0.223703433826539
"1089",341721901,2,8,0.14812794896793,0.14812794896793
"1090",341721901,3,1,0.0980847226621447,0.0980847226621447
"1091",341721901,4,2,0.0649479918323364,0.0649479918323364
"1092",341721901,5,2,0.0430061025668909,0.0430061025668909
